-- phpMyAdmin SQL Dump
-- version 4.8.5
-- https://www.phpmyadmin.net/
--
-- Máy chủ: 127.0.0.1
-- Thời gian đã tạo: Th10 28, 2019 lúc 01:01 PM
-- Phiên bản máy phục vụ: 10.1.38-MariaDB
-- Phiên bản PHP: 7.3.3

SET SQL_MODE = "NO_AUTO_VALUE_ON_ZERO";
SET AUTOCOMMIT = 0;
START TRANSACTION;
SET time_zone = "+00:00";


/*!40101 SET @OLD_CHARACTER_SET_CLIENT=@@CHARACTER_SET_CLIENT */;
/*!40101 SET @OLD_CHARACTER_SET_RESULTS=@@CHARACTER_SET_RESULTS */;
/*!40101 SET @OLD_COLLATION_CONNECTION=@@COLLATION_CONNECTION */;
/*!40101 SET NAMES utf8mb4 */;

--
-- Cơ sở dữ liệu: `booknowcsdl`
--

-- --------------------------------------------------------

--
-- Cấu trúc bảng cho bảng `chitiethoadon`
--

CREATE TABLE `chitiethoadon` (
  `id_hdct` int(10) NOT NULL,
  `mahd` int(11) NOT NULL,
  `idsp` int(11) NOT NULL,
  `soluong` int(11) NOT NULL,
  `gia` int(11) NOT NULL,
  `phuongthucthanhtoan` int(11) NOT NULL
) ENGINE=InnoDB DEFAULT CHARSET=utf8;

--
-- Đang đổ dữ liệu cho bảng `chitiethoadon`
--

INSERT INTO `chitiethoadon` (`id_hdct`, `mahd`, `idsp`, `soluong`, `gia`, `phuongthucthanhtoan`) VALUES
(24, 17, 112, 1, 64000, 0),
(25, 18, 17, 1, 117000, 0),
(26, 18, 16, 1, 64000, 0),
(27, 19, 16, 1, 64000, 0),
(28, 19, 17, 1, 117000, 0),
(29, 20, 113, 1, 99000, 0),
(30, 20, 17, 1, 117000, 0),
(31, 20, 54, 1, 2590000, 0),
(32, 20, 111, 1, 49280, 0),
(33, 20, 24, 1, 169000, 0),
(34, 20, 16, 1, 64000, 0),
(35, 21, 17, 1, 117000, 0),
(36, 21, 115, 1, 8000, 0);

-- --------------------------------------------------------

--
-- Cấu trúc bảng cho bảng `danhmuc`
--

CREATE TABLE `danhmuc` (
  `madm` int(11) NOT NULL,
  `tendm` varchar(50) NOT NULL,
  `dequi` int(11) NOT NULL
) ENGINE=InnoDB DEFAULT CHARSET=utf8;

--
-- Đang đổ dữ liệu cho bảng `danhmuc`
--

INSERT INTO `danhmuc` (`madm`, `tendm`, `dequi`) VALUES
(1, 'Sách Kỹ Năng', 0),
(2, 'Văn Phòng Phẩm', 0),
(3, 'Sách Văn Học', 1),
(4, 'Sách Kinh Tế', 1),
(5, 'Sách Thiếu Nhi', 1),
(6, 'Sách Ngoại Ngữ', 1),
(7, 'Dụng cụ học sinh', 2),
(8, 'Dụng cụ văn phòng', 2),
(9, 'Quà Lưu Niệm', 2);

-- --------------------------------------------------------

--
-- Cấu trúc bảng cho bảng `hoadon`
--

CREATE TABLE `hoadon` (
  `mahd` int(11) NOT NULL,
  `idnd` int(11) DEFAULT NULL,
  `hoten` varchar(50) NOT NULL,
  `diachi` varchar(50) NOT NULL,
  `dienthoai` int(11) NOT NULL,
  `email` varchar(255) NOT NULL,
  `ngaydathang` date NOT NULL,
  `trangthai` int(11) NOT NULL
) ENGINE=InnoDB DEFAULT CHARSET=utf8;

--
-- Đang đổ dữ liệu cho bảng `hoadon`
--

INSERT INTO `hoadon` (`mahd`, `idnd`, `hoten`, `diachi`, `dienthoai`, `email`, `ngaydathang`, `trangthai`) VALUES
(17, 5, 'Hà Hữu Hải', '70 dương khuê,ngũ hành sơn,đà nẵng', 929807996, 'huuhaiuneti@gmail.com', '2019-11-26', 1),
(18, 5, 'Hà Hữu Hải', '70 dương khuê,ngũ hành sơn,đà nẵng', 929807996, 'huuhaiuneti@gmail.com', '2019-11-26', 1),
(19, 5, 'Đặng Yến', '70 dương khuê,ngũ hành sơn,đà nẵng', 929807996, 'huuhaiuneti@gmail.com', '2019-11-26', 1),
(20, NULL, 'Hải Hà', 'Nam Định', 372052911, 'hai123@gmail.com', '2019-11-26', 1),
(21, NULL, 'Hà Hữu Hải', 'Hà Nội', 372052911, 'hai123@gmail.com', '2019-11-28', 1);

-- --------------------------------------------------------

--
-- Cấu trúc bảng cho bảng `nguoidung`
--

CREATE TABLE `nguoidung` (
  `idnd` int(11) NOT NULL,
  `tennd` varchar(255) NOT NULL,
  `username` varchar(50) NOT NULL,
  `password` varchar(50) NOT NULL,
  `ngaysinh` date NOT NULL,
  `gioitinh` varchar(10) NOT NULL,
  `email` varchar(255) NOT NULL,
  `dienthoai` int(11) NOT NULL,
  `diachi` varchar(255) NOT NULL,
  `ngaydangky` date NOT NULL,
  `phanquyen` int(11) NOT NULL
) ENGINE=InnoDB DEFAULT CHARSET=utf8;

--
-- Đang đổ dữ liệu cho bảng `nguoidung`
--

INSERT INTO `nguoidung` (`idnd`, `tennd`, `username`, `password`, `ngaysinh`, `gioitinh`, `email`, `dienthoai`, `diachi`, `ngaydangky`, `phanquyen`) VALUES
(5, 'Hà Hữu Hải', 'admin', '4a7d1ed414474e4033ac29ccb8653d9b', '1999-02-28', 'nam', 'huuhaiuneti@gmail.com', 929807996, '70 dương khuê,ngũ hành sơn,đà nẵng', '2019-06-28', 0),
(7, 'Hà Hữu Hải', 'khach', '4a7d1ed414474e4033ac29ccb8653d9b', '1899-01-01', 'Nam', 'huuhai@gmail.com', 1269827426, '28 An Thượng 38, Ngũ Hành Sơn, Đà Nẵng', '2018-12-12', 1);

-- --------------------------------------------------------

--
-- Cấu trúc bảng cho bảng `sanpham`
--

CREATE TABLE `sanpham` (
  `idsp` int(11) NOT NULL,
  `tensp` varchar(50) NOT NULL,
  `hinhanh` varchar(255) NOT NULL,
  `mau` varchar(20) NOT NULL,
  `chitiet` text NOT NULL,
  `soluong` int(11) NOT NULL,
  `daban` int(11) NOT NULL,
  `gia` int(11) NOT NULL,
  `khuyenmai1` int(11) NOT NULL,
  `khuyenmai2` varchar(255) NOT NULL,
  `madm` int(11) NOT NULL,
  `ngaycapnhat` date NOT NULL,
  `trangthai` int(11) NOT NULL
) ENGINE=InnoDB DEFAULT CHARSET=utf8;

--
-- Đang đổ dữ liệu cho bảng `sanpham`
--

INSERT INTO `sanpham` (`idsp`, `tensp`, `hinhanh`, `mau`, `chitiet`, `soluong`, `daban`, `gia`, `khuyenmai1`, `khuyenmai2`, `madm`, `ngaycapnhat`, `trangthai`) VALUES
(16, 'Tôi Nợ Tương Lai Một Ngày Hạnh Phúc', '20191121085252vh7.jpg', 'Trắng', '<table border=\"0\" cellpadding=\"0\" cellspacing=\"0\" style=\"width:570px\">\r\n	<tbody>\r\n		<tr>\r\n			<td rowspan=\"4\" style=\"background-color:rgb(246, 246, 246); height:20px; vertical-align:baseline; width:150px !important\">\r\n			<p>Th&ocirc;ng tin chung</p>\r\n			</td>\r\n			<td style=\"background-color:rgb(252, 252, 252); height:20px; vertical-align:baseline\">\r\n			<h3>TH&Ocirc;NG TIN CHI TIẾT</h3>\r\n\r\n			<table cellspacing=\"0\" style=\"width:880px\">\r\n				<tbody>\r\n					<tr>\r\n						<td style=\"vertical-align:top\">T&aacute;c giả</td>\r\n						<td style=\"vertical-align:top\">Jun Kyung Nam</td>\r\n					</tr>\r\n					<tr>\r\n						<td style=\"vertical-align:top\">Ng&agrave;y xuất bản</td>\r\n						<td style=\"vertical-align:top\">11-2019</td>\r\n					</tr>\r\n					<tr>\r\n						<td style=\"vertical-align:top\">Dịch Giả</td>\r\n						<td style=\"vertical-align:top\">Ibuni</td>\r\n					</tr>\r\n					<tr>\r\n						<td style=\"vertical-align:top\">Loại b&igrave;a</td>\r\n						<td style=\"vertical-align:top\">B&igrave;a mềm</td>\r\n					</tr>\r\n					<tr>\r\n						<td style=\"vertical-align:top\">Số trang</td>\r\n						<td style=\"vertical-align:top\">244</td>\r\n					</tr>\r\n					<tr>\r\n						<td style=\"vertical-align:top\">SKU</td>\r\n						<td style=\"vertical-align:top\">9743202031052</td>\r\n					</tr>\r\n				</tbody>\r\n			</table>\r\n\r\n			<h3>GIỚI THIỆU S&Aacute;CH</h3>\r\n\r\n			<p>Một c&acirc;u chuyện lấp l&aacute;nh về ước mơ của những người trẻ.</p>\r\n\r\n			<p>Best seller ngay trong tuần đầu ti&ecirc;n l&ecirc;n kệ - hơn 300 ngh&igrave;n bản đ&atilde; b&aacute;n ra ở H&agrave;n Quốc.<br />\r\n			<br />\r\n			&ldquo;&hellip;Ừm, gần đ&acirc;y mẹ c&oacute; đọc một quyển s&aacute;ch, trong đ&oacute; c&oacute; c&acirc;u n&oacute;i thế n&agrave;y. T&igrave;nh y&ecirc;u m&agrave; c&oacute; c&aacute;ch thức th&igrave; chẳng phải l&agrave; t&igrave;nh y&ecirc;u.&rdquo;</p>\r\n\r\n			<p>&ldquo;G&igrave; thế ạ? C&acirc;u đ&oacute; c&oacute; nghĩa g&igrave;?&rdquo;</p>\r\n\r\n			<p>&ldquo;Nghĩa l&agrave; trong t&igrave;nh y&ecirc;u th&igrave; chẳng c&oacute; c&aacute;ch thức n&agrave;o cả. V&igrave; thế n&ecirc;n mỗi người lại y&ecirc;u một c&aacute;ch kh&aacute;c nhau.&rdquo;</p>\r\n\r\n			<p>T&ocirc;i nợ tương lai một ng&agrave;y hạnh ph&uacute;c l&agrave; c&acirc;u chuyện về &acirc;m nhạc v&agrave; t&igrave;nh y&ecirc;u dưới g&oacute;c nh&igrave;n của Oh Haha &ndash; cậu sinh vi&ecirc;n năm nhất khoa &acirc;m nhạc thực h&agrave;nh trường Nghệ thuật Gana. Mở đầu cuốn s&aacute;ch l&agrave; nỗi hoang mang của Haha về thị hiếu &acirc;m nhạc của mọi người trong ng&ocirc;i trường danh tiếng. Tại sao c&aacute;c thầy c&ocirc; trong ban gi&aacute;m khảo lại chỉ th&iacute;ch th&iacute; sinh chơi nhạc jazz? Thế nhạc cổ điển kh&ocirc;ng phải l&agrave; &acirc;m nhạc &agrave;? m nhạc phải sinh ra từ những gi&acirc;y ph&uacute;t thăng hoa của cảm x&uacute;c chứ kh&ocirc;ng phải chu tr&igrave;nh luyện tập đến quen tay. Cũng chẳng c&oacute; ai ngăn cấm việc ch&uacute;ng ta chơi nhạc blues, miễn l&agrave; ch&uacute;ng ta đam m&ecirc;&hellip; V&ocirc; v&agrave;n những quan điểm mới mẻ l&agrave;m Haha ho&agrave;i nghi niềm tin thuần khiết đối với việc chơi đ&agrave;n piano - đam m&ecirc; lớn nhất của cuộc đời cậu. Nhưng &acirc;m nhạc kh&ocirc;ng phải l&agrave; niềm băn khoăn duy nhất trong những ng&agrave;y đầu ti&ecirc;n Haha trở th&agrave;nh sinh vi&ecirc;n&hellip;</p>\r\n\r\n			<p>Haha chưa từng hỏi mẹ về người đ&agrave;n &ocirc;ng đ&atilde; cho cậu một nửa sinh mệnh. Cậu kh&ocirc;ng gọi người đ&oacute; l&agrave; cha v&igrave; &ocirc;ng kh&ocirc;ng hề xuất hiện trong tr&iacute; nhớ của cậu. Một tay mẹ vất vả nu&ocirc;i Haha lớn l&ecirc;n, kh&ocirc;ng c&oacute; sự gi&uacute;p đỡ từ gia đ&igrave;nh nội ngoại. V&igrave; thế m&agrave; khi Haha l&ecirc;n cấp ba, mẹ bắt đầu đi t&igrave;m t&igrave;nh y&ecirc;u m&agrave; b&agrave; chưa được tận hưởng.</p>\r\n\r\n			<p>Những &ocirc;ng ch&uacute; cứ đến rồi đi trong cuộc sống của Haha, mỗi người đều để lại cả niềm vui lẫn nỗi buồn cho hai mẹ con cậu. D&ugrave; vậy, trong th&acirc;m t&acirc;m, cậu vẫn lu&ocirc;n ao ước c&oacute; một gia đ&igrave;nh trọn vẹn v&agrave; mẹ cậu được một người n&agrave;o đ&oacute; y&ecirc;u thương đến hết cuộc đời&hellip;</p>\r\n			</td>\r\n		</tr>\r\n	</tbody>\r\n</table>\r\n', 13, 7, 64000, 0, 'Tặng Kèm Sổ Tay', 3, '2014-05-20', 0),
(17, 'Đi qua đời tôi', '20191121083907vh6.jpg', '', '<h3>TH&Ocirc;NG TIN CHI TIẾT</h3>\r\n\r\n<table cellspacing=\"0\" style=\"width:880px\">\r\n	<tbody>\r\n		<tr>\r\n			<td style=\"vertical-align:top\">T&aacute;c giả</td>\r\n			<td style=\"vertical-align:top\">Nguyễn Văn Thọ</td>\r\n		</tr>\r\n		<tr>\r\n			<td style=\"vertical-align:top\">Ng&agrave;y xuất bản</td>\r\n			<td style=\"vertical-align:top\">09-2019</td>\r\n		</tr>\r\n		<tr>\r\n			<td style=\"vertical-align:top\">Loại b&igrave;a</td>\r\n			<td style=\"vertical-align:top\">B&igrave;a mềm</td>\r\n		</tr>\r\n		<tr>\r\n			<td style=\"vertical-align:top\">Số trang</td>\r\n			<td style=\"vertical-align:top\">312</td>\r\n		</tr>\r\n		<tr>\r\n			<td style=\"vertical-align:top\">SKU</td>\r\n			<td style=\"vertical-align:top\">1234410265288</td>\r\n		</tr>\r\n	</tbody>\r\n</table>\r\n\r\n<h3>GIỚI THIỆU S&Aacute;CH</h3>\r\n\r\n<p>Tập s&aacute;ch n&agrave;y b&agrave;n đến những người văn, việc văn, dăm hoạt động nghệ thuật đ&atilde; c&oacute; &yacute; tr&iacute;, bản lĩnh l&agrave;m t&aacute;c giả y&ecirc;u qu&yacute;, k&iacute;nh trọng, kh&acirc;m phục. Ở đ&acirc;y đặc biệt c&oacute; một số vấn đề n&oacute;ng của hiện thực x&atilde; hội, cũng được t&aacute;c giả b&agrave;y tỏ một th&aacute;i độ bằng văn; một sự b&agrave;y tỏ minh bạch, ch&iacute;nh danh, vừa mang tr&aacute;ch nhiệm c&ocirc;ng d&acirc;n, vừa tr&ecirc;n tr&aacute;ch nhiệm nh&agrave; văn đ&atilde; dầy trải nghiệm.</p>\r\n\r\n<p>* Gi&aacute; sản phẩm tr&ecirc;n Tiki đ&atilde; bao gồm thuế theo luật hiện h&agrave;nh. Tuy nhi&ecirc;n tuỳ v&agrave;o từng loại sản phẩm hoặc phương thức, địa chỉ giao h&agrave;ng m&agrave; c&oacute; thể ph&aacute;t sinh th&ecirc;m chi ph&iacute; kh&aacute;c như ph&iacute; vận chuyển, phụ ph&iacute; h&agrave;ng cồng kềnh, ..</p>\r\n\r\n<p>&nbsp;</p>\r\n\r\n<p>&nbsp;</p>\r\n\r\n<p>&nbsp;</p>\r\n\r\n<p>&nbsp;</p>\r\n', 15, 5, 117000, 0, '', 3, '2014-05-20', 0),
(24, 'HBR On Strategy - Chiến Lược', '20191121085120kte5.jpg', 'Đen Đế Bẩn', '<table border=\"0\" cellpadding=\"0\" cellspacing=\"0\" style=\"width:570px\">\r\n	<tbody>\r\n		<tr>\r\n			<td rowspan=\"4\" style=\"background-color:rgb(246, 246, 246); height:20px; vertical-align:baseline; width:150px !important\">\r\n			<p>Th&ocirc;ng tin chung</p>\r\n			</td>\r\n			<td style=\"background-color:rgb(252, 252, 252); height:20px; vertical-align:baseline\">\r\n			<table cellspacing=\"0\" style=\"width:880px\">\r\n				<tbody>\r\n					<tr>\r\n						<td style=\"vertical-align:top\">C&ocirc;ng ty ph&aacute;t h&agrave;nh</td>\r\n						<td style=\"vertical-align:top\"><a href=\"http://tiki.vn/cty-sach/alphabooks.html?_lc=Vk4wMzQwMjUwMDU%3D\" style=\"box-sizing: border-box; background-color: transparent; text-decoration-line: none; color: rgb(0, 127, 240);\">Alphabooks</a></td>\r\n					</tr>\r\n					<tr>\r\n						<td style=\"vertical-align:top\">Loại b&igrave;a</td>\r\n						<td style=\"vertical-align:top\">B&igrave;a mềm</td>\r\n					</tr>\r\n					<tr>\r\n						<td style=\"vertical-align:top\">SKU</td>\r\n						<td style=\"vertical-align:top\">3351116461825</td>\r\n					</tr>\r\n				</tbody>\r\n			</table>\r\n\r\n			<h3>GIỚI THIỆU S&Aacute;CH</h3>\r\n\r\n			<p>Chiến lược, từ l&acirc;u, đ&atilde; được coi như mạch nguồn sự sống m&agrave; nếu thiếu n&oacute;, c&aacute;c doanh nghiệp hoặc kh&ocirc;ng thể tạo được dấu ấn tr&ecirc;n thị trường, hoặc sẽ sụp đổ. Thế nhưng, ở rất nhiều tổ chức kinh doanh, chiến lược vẫn lu&ocirc;n bị nhầm lẫn với v&ocirc; v&agrave;n những thuật ngữ về tăng trưởng v&agrave; ph&aacute;t triển kh&aacute;c. Th&ocirc;ng qua Harvard Business Review - ON STRATEGY, độc giả sẽ biết &ldquo;Chiến lược l&agrave; g&igrave;?&rdquo;, những ngộ nhận v&agrave; cả những th&ocirc;ng tin &ldquo;gi&aacute;c ngộ&rdquo; về n&oacute;, từ đ&oacute; vạch ra chiến lược chuy&ecirc;n biệt cho tổ chức của m&igrave;nh.<br />\r\n			<br />\r\n			Ph&acirc;n biệt c&ocirc;ng ty bạn với c&aacute;c đối thủ cạnh tranh<br />\r\n			Vạch ra một tầm nh&igrave;n cho một tương lai kh&ocirc;ng chắc chắn<br />\r\n			Tạo n&ecirc;n những đại dương xanh cho thị trường chưa được kiểm chứng<br />\r\n			Ph&acirc;n bổ c&aacute;c nguồn lực từ sớm<br />\r\n			L&agrave;m r&otilde; quyền ra quyết định để quyết định nhanh hơn, dứt kho&aacute;t hơn</p>\r\n			</td>\r\n			<td style=\"background-color:rgb(252, 252, 252); height:20px; vertical-align:baseline\">&nbsp;</td>\r\n		</tr>\r\n	</tbody>\r\n</table>\r\n', 16, 4, 169000, 0, 'Quà Tặng TickBook Đặc Biệt', 4, '2014-05-20', 0),
(25, 'Để Trở Thành Người Bán Hàng Giỏi Nhất Thế Giới', '20191121084918kte3.jpg', '', '<table border=\"0\" cellpadding=\"0\" cellspacing=\"0\" style=\"width:570px\">\r\n	<tbody>\r\n		<tr>\r\n			<td rowspan=\"4\" style=\"background-color:rgb(246, 246, 246); height:20px; vertical-align:baseline; width:150px !important\">\r\n			<p>Th&ocirc;ng tin chung</p>\r\n			</td>\r\n			<td style=\"background-color:rgb(252, 252, 252); height:20px; vertical-align:baseline\">&nbsp;</td>\r\n			<td style=\"background-color:rgb(252, 252, 252); height:20px; vertical-align:baseline\">\r\n			<p>8888</p>\r\n			</td>\r\n		</tr>\r\n		<tr>\r\n			<td style=\"background-color:rgb(252, 252, 252); height:20px; vertical-align:baseline\">\r\n			<p>Chi tiết</p>\r\n\r\n			<p>Bạn phải hiểu rằng, kh&ocirc;ng c&oacute; ai tr&ecirc;n thế gian n&agrave;y c&oacute; thể khiến bạn cảm thấy thấp k&eacute;m nếu kh&ocirc;ng c&oacute; sự cho ph&eacute;p của bạn. Nhưng tự tin hay nhận thức đ&uacute;ng đắn về bản th&acirc;n ở đ&acirc;y ho&agrave;n to&agrave;n kh&aacute;c với sự tự m&atilde;n th&aacute;i qu&aacute;. Tất cả những người b&aacute;n h&agrave;ng xuất sắc đều c&oacute; một c&aacute;i t&ocirc;i t&iacute;ch cực. Nếu họ để c&aacute;i t&ocirc;i tự m&atilde;n chế ngự, họ sẽ kh&ocirc;ng thể n&agrave;o trở n&ecirc;n xuất sắc được. Khi nhận thức đ&uacute;ng đắn về bản th&acirc;n th&igrave; bạn c&oacute; thể gặp gỡ li&ecirc;n tục nhiều kh&aacute;ch h&agrave;ng m&agrave; t&acirc;m trạng kh&ocirc;ng bị ảnh hưởng bởi kết quả của những buổi gặp mặt đ&oacute;.</p>\r\n\r\n			<p>Việc b&aacute;n h&agrave;ng giống như c&acirc;u c&aacute;. Sự th&agrave;nh c&ocirc;ng của người b&aacute;n h&agrave;ng được thể hiện qua khối lượng c&aacute; của buổi đi c&acirc;u.&rdquo; v&agrave; &ldquo;Người b&aacute;n h&agrave;ng xuất sắc kh&ocirc;ng n&oacute;i nhiều về bản th&acirc;n m&igrave;nh, cũng kh&ocirc;ng biện minh cho thất bại. Thay v&agrave;o đ&oacute;, họ lu&ocirc;n tập trung lắng nghe v&agrave; t&igrave;m hiểu kh&aacute;ch h&agrave;ng.&rdquo;</p>\r\n\r\n			<p>Yếu tố quan trọng nhất trong sự th&agrave;nh c&ocirc;ng của bất kỳ một doanh nghiệp hay tổ chức l&agrave; phải c&oacute; kh&aacute;ch h&agrave;ng. Yếu tố n&agrave;y c&ograve;n quan trọng hơn cả &yacute; tưởng kinh doanh, sản phẩm, t&agrave;i sản, nguồn lực t&agrave;i ch&iacute;nh hoặc con người. Lợi nhuận do kh&aacute;ch h&agrave;ng đem lại sẽ được sử dụng để trả lương cho nh&acirc;n vi&ecirc;n, chi trả c&aacute;c khoản ph&uacute;c lợi, khen thưởng, bảo tr&igrave; v&agrave; trang bị th&ecirc;m m&aacute;y m&oacute;c hay nội thất văn ph&ograve;ng&hellip;</p>\r\n\r\n			<p>V&agrave; trong m&ocirc;i trường kinh doanh lu&ocirc;n cạnh tranh mạnh mẽ, việc l&agrave;m cho sản phẩm, dịch vụ của bạn trở n&ecirc;n nổi bật v&agrave; thu h&uacute;t kh&aacute;ch h&agrave;ng so với v&ocirc; v&agrave;n sản phẩm hay dịch vụ của đối thủ l&agrave; điều kh&ocirc;ng dễ d&agrave;ng. Ch&iacute;nh v&igrave; vậy, đội ngũ nh&acirc;n vi&ecirc;n b&aacute;n h&agrave;ng l&agrave; nguồn t&agrave;i sản v&ocirc; c&ugrave;ng qu&yacute; gi&aacute; của c&ocirc;ng ty.</p>\r\n\r\n			<p>Th&aacute;i độ của bạn đối với những người xung quanh</p>\r\n\r\n			<p>Điều m&agrave; kh&aacute;ch h&agrave;ng ph&agrave;n n&agrave;n nhiều nhất l&agrave; th&aacute;i độ bất lịch sự, thờ ơ, b&agrave;ng quan v&agrave; năng lực l&agrave;m việc k&eacute;m của nh&acirc;n vi&ecirc;n b&aacute;n h&agrave;ng.</p>\r\n\r\n			<p>Cho n&ecirc;n, người nh&acirc;n vi&ecirc;n b&aacute;n h&agrave;ng phải nhận thức được gi&aacute; trị tầm quan trọng của từng kh&aacute;ch h&agrave;ng m&agrave; họ đang tiếp x&uacute;c. C&aacute;ch tốt nhất để c&oacute; được kh&aacute;ch h&agrave;ng ch&iacute;nh l&agrave; x&acirc;y dựng một mối quan hệ tốt đẹp với những người bạn đang giao dịch ngay từ lần tiếp x&uacute;c đầu ti&ecirc;n. Lu&ocirc;n coi trọng gi&aacute; trị khoảng thời gian m&agrave; kh&aacute;ch h&agrave;ng bỏ ra v&agrave; lu&ocirc;n sử dụng khoảng thời gian đ&oacute; một c&aacute;ch c&oacute; hiệu quả.</p>\r\n\r\n			<p>Kh&aacute;ch h&agrave;ng lu&ocirc;n mong muốn v&agrave; kỳ vọng những người b&aacute;n h&agrave;ng c&oacute; thể thực sự trở th&agrave;nh &ldquo;nguồn th&ocirc;ng tin&rdquo; đ&aacute;ng tin cậy, lu&ocirc;n trả lời những c&acirc;u hỏi của họ ngay lập tức, cho họ những &yacute; kiến s&aacute;ng suốt, những lời nhận x&eacute;t x&aacute;c đ&aacute;ng về sản phẩm.</p>\r\n\r\n			<p>Một nh&acirc;n vi&ecirc;n b&aacute;n h&agrave;ng biết c&aacute;ch x&acirc;y dựng mối quan hệ tốt đẹp v&agrave; cung cấp cho kh&aacute;ch h&agrave;ng những dịch vụ k&egrave;m theo tốt nhất, d&ugrave; đ&oacute; l&agrave; một lời khuy&ecirc;n, th&ocirc;ng tin về sản phẩm hay một &yacute; kiến c&aacute; nh&acirc;n th&igrave; chắc chắn sẽ được ch&iacute;nh những kh&aacute;ch h&agrave;ng của m&igrave;nh đặt trọn niềm tin.</p>\r\n			</td>\r\n		</tr>\r\n	</tbody>\r\n</table>\r\n', 20, 0, 126000, 0, '', 4, '2014-05-20', 0),
(26, 'Bài Học Để Đời Từ Những Doanh Nghiệp Thất Bại', '20191121084737kte2.png', '', '<table border=\"0\" cellpadding=\"0\" cellspacing=\"0\" style=\"width:570px\">\r\n	<tbody>\r\n		<tr>\r\n			<td rowspan=\"4\" style=\"background-color:rgb(246, 246, 246); height:20px; vertical-align:baseline; width:150px !important\">\r\n			<p>h&ocirc;ng tin chung</p>\r\n			</td>\r\n			<td style=\"background-color:rgb(252, 252, 252); height:20px; vertical-align:baseline\">\r\n			<h3>TH&Ocirc;NG TIN CHI TIẾT</h3>\r\n\r\n			<table cellspacing=\"0\" style=\"width:880px\">\r\n				<tbody>\r\n					<tr>\r\n						<td style=\"vertical-align:top\">SKU</td>\r\n						<td style=\"vertical-align:top\">5627328811573</td>\r\n					</tr>\r\n				</tbody>\r\n			</table>\r\n\r\n			<h3>GIỚI THIỆU S&Aacute;CH</h3>\r\n\r\n			<p>C&oacute; thể n&oacute;i đ&acirc;y l&agrave; cuốn s&aacute;ch đầu ti&ecirc;n d&aacute;m nh&igrave;n thẳng v&agrave;o sự thật để t&igrave;m hiểu, ph&acirc;n t&iacute;ch một c&aacute;ch tỉ mỉ, chi tiết những nguy&ecirc;n nh&acirc;n thất bại của c&aacute;c x&iacute; nghiệp Trung Quốc. T&aacute;c giả đ&atilde; đưa ra 10 ca bệnh điển h&igrave;nh v&agrave; dẫn người đọc v&agrave;o vấn đề một c&aacute;ch nhẹ nh&agrave;ng nhưng s&acirc;u sắc, rồi bị cuốn v&agrave;o những c&acirc;u chuyện, những ph&acirc;n t&iacute;ch đ&aacute;nh gi&aacute; chi tiết, kh&aacute;ch quan về mỗi thất bại v&agrave; c&oacute; được b&agrave;i học qu&yacute; gi&aacute; cho ri&ecirc;ng m&igrave;nh.</p>\r\n\r\n			<p>Cuốn s&aacute;ch vạch ra từng căn bệnh th&acirc;m căn cố đế trong t&iacute;nh c&aacute;ch người d&acirc;n Trung Quốc m&agrave; dẫn đến thất bại. B&agrave;i học của họ cũng ch&iacute;nh l&agrave; b&agrave;i học cho ch&iacute;nh ch&uacute;ng ta &ndash; những doanh nh&acirc;n, doanh nghiệp Việt Nam. V&agrave; d&ugrave; bạn gh&eacute;t, bạn kh&ocirc;ng chịu tin th&igrave; thực tế anh bạn h&agrave;ng x&oacute;m to b&aacute;o ở qu&aacute; gần ch&uacute;ng ta, ti&ecirc;m nhiễm th&oacute;i xấu v&agrave;o ch&uacute;ng ta kh&ocirc;ng phải l&agrave; &iacute;t. Một trong những th&oacute;i xấu đ&oacute; l&agrave; ch&uacute;ng ta chỉ th&iacute;ch ca ngợi m&atilde;i những th&agrave;nh t&iacute;ch đạt được m&agrave; hiếm khi chịu nh&igrave;n thẳng, vạch trần những thất bại của ch&uacute;ng ta cho thi&ecirc;n hạ biết. Nếu ch&uacute;ng ta kh&ocirc;ng chịu soi gương ch&iacute;nh m&igrave;nh, vậy h&atilde;i soi đỡ v&agrave;o những tấm gương thất bại của bạn h&agrave;ng x&oacute;m để l&agrave;m b&agrave;n đạp cho th&agrave;nh c&ocirc;ng của ch&uacute;ng ta.</p>\r\n\r\n			<p>* Gi&aacute; sản phẩm tr&ecirc;n Tiki đ&atilde; bao gồm thuế theo luật hiện h&agrave;nh. Tuy nhi&ecirc;n tuỳ v&agrave;o từng loại sản phẩm hoặc phương thức, địa chỉ giao h&agrave;ng m&agrave; c&oacute; thể ph&aacute;t sinh th&ecirc;m chi ph&iacute; kh&aacute;c như ph&iacute; vận chuyển, phụ ph&iacute; h&agrave;ng cồng kềnh, ..</p>\r\n			</td>\r\n		</tr>\r\n	</tbody>\r\n</table>\r\n', 12, 3, 150000, 0, '', 4, '2019-07-11', 0),
(27, 'America Shark Tank', '20191121084540hte2.jpg', 'Đen', '<table border=\"0\" cellpadding=\"0\" cellspacing=\"0\" style=\"width:570px\">\r\n	<tbody>\r\n		<tr>\r\n			<td rowspan=\"4\" style=\"background-color:rgb(246, 246, 246); height:20px; vertical-align:baseline; width:150px !important\">\r\n			<p>Th&ocirc;ng tin chung</p>\r\n			</td>\r\n			<td style=\"background-color:rgb(252, 252, 252); height:20px; vertical-align:baseline\">\r\n			<p>&nbsp;</p>\r\n			</td>\r\n			<td style=\"background-color:rgb(252, 252, 252); height:20px; vertical-align:baseline\">\r\n			<p>&nbsp;</p>\r\n			</td>\r\n		</tr>\r\n		<tr>\r\n			<td style=\"background-color:rgb(252, 252, 252); height:20px; vertical-align:baseline\">\r\n			<p>Chi tiết</p>\r\n\r\n			<p>America Shark Tank: C&aacute;ch Biến 1.000 USD Th&agrave;nh Doanh Nghiệp Tỷ Đ&ocirc; Của Shark Barbara Corcoran</p>\r\n\r\n			<p><img alt=\"America Shark Tank: Bí Quyết Kinh Doanh Của Shark Mark Cuban \" src=\"https://salt.tikicdn.com/ts/tmp/94/7c/a8/8319ac0c1b303a3f0747844949e1afd0.jpg\" style=\"border:0px; box-sizing:border-box; display:block; height:auto; margin-left:auto; margin-right:auto; max-width:100%; vertical-align:middle; width:750px\" /></p>\r\n\r\n			<p>Cuốn s&aacute;ch l&agrave; c&acirc;u chuyện c&oacute; thật đầy cảm hứng của ng&ocirc;i sao chương tr&igrave;nh America Shark Tank &ndash; Barbara Corcoran. Sau khi thất bại ở c&ocirc;ng việc thứ 22, Barbara đ&atilde; vay 1.000 USD từ bạn trai, bỏ c&ocirc;ng việc hiện tại của b&agrave; (bồi b&agrave;n) v&agrave; mở một văn ph&ograve;ng bất động sản nhỏ ở th&agrave;nh phố New York.</p>\r\n\r\n			<p>Sau nhiều cố gắn nỗ lực, cũng như việc ứng dụng những nguy&ecirc;n tắc, v&agrave; kinh nghiệm m&agrave; bạn cũng học được trong cuốn s&aacute;ch n&agrave;y. B&agrave; đ&atilde; x&acirc;y dựng được một doanh nghiệp trị gi&aacute; hơn 6 tỷ đ&ocirc; la Mỹ. Quyển s&aacute;ch chứa đựng những lời khuy&ecirc;n v&ocirc; gi&aacute; vừa thực tế, thẳng thắn vừa s&acirc;u sắc, d&agrave;nh cho bất kỳ ai đang khởi nghiệp. H&atilde;y dấn th&acirc;n v&agrave; theo đuổi đến c&ugrave;ng ước mơ của m&igrave;nh.</p>\r\n\r\n			<p>Bạn sẽ học được g&igrave;?</p>\r\n\r\n			<p>1.&nbsp;B&iacute; quyết chưa từng tiết lộ về c&aacute;ch sử dụng b&aacute;o giới v&agrave; truyền th&ocirc;ng đề họ l&agrave;m việc cho bạn.</p>\r\n\r\n			<p>2.&nbsp;Hiệu ứng &quot;&quot;Halo&quot;&quot;, c&aacute;ch l&agrave;m việc với người nổi tiếng để l&agrave;m đo&agrave;n bẩy trong kinh doanh.</p>\r\n\r\n			<p>3.&nbsp;L&agrave;m sao để chuyển biến nghịch cảnh th&agrave;nh lợi thế.</p>\r\n\r\n			<p>4.&nbsp;Lời khuy&ecirc;n của từ kinh nghiệm của Shark về: Quản trị, c&aacute;ch tuyển dụng v&agrave; sa thải, b&iacute; quyết trong quan hệ c&ocirc;ng ch&uacute;</p>\r\n\r\n			<p>5.&nbsp;V&agrave; c&ograve;n nhiều nữ</p>\r\n\r\n			<p>AMERICA SHARK TANK &ndash; BỘ S&Aacute;CH Đ&Aacute;NH THỨC BẢN NĂNG &ldquo;C&Aacute; MẬP&rdquo; TRONG BẠN</p>\r\n\r\n			<p>BỘ CẨM NANG TO&Agrave;N DIỆN NHẤT VỀ KHỎI NGHIỆP, KINH DOANH, L&Atilde;NH ĐẠO LẦN ĐẦU TI&Ecirc;N C&Oacute; MẶT TẠI VIỆT NAM. CHỨA ĐỰNG KIẾN THỨC, KINH NGHIỆM CỦA NHỮNG DOANH NH&Acirc;N TỶ PH&Uacute; H&Agrave;NG ĐẦU L&Agrave; C&Aacute;C SHARK MỸ. NHƯ MỘT NGƯỜI CỐ VẤN CUNG CẤP ĐƯỜNG ĐI NƯỚC BƯỚC CHO NHỮNG NGƯỜI KINH DOANH ĐẶC BIỆT L&Agrave; START UP.</p>\r\n\r\n			<p>1.&nbsp;B&iacute; mật trong tư duy của một doanh nh&acirc;n bất khả chiến bại. Khoa học l&atilde;nh đạo từ c&aacute;c doanh nh&acirc;n tỷ ph&uacute;</p>\r\n\r\n			<p>2.&nbsp;Phương ph&aacute;p tạo ra những &yacute; tưởng kinh doanh triệu đ&ocirc; th&ocirc;ng qua những bước đơn giản. L&agrave;m sao để bảo vệ lợi thế kinh doanh của bạn trước đối thủ.</p>\r\n\r\n			<p>3.&nbsp;Kinh nghi&ecirc;m x&aacute;c định, tuyển dụng những người ph&ugrave; hợp nhất cho doanh nghiệp của bạn. C&aacute;ch g&acirc;y ảnh hường l&ecirc;n người kh&aacute;c ngay từ c&aacute;i nh&igrave;n đầu ti&ecirc;n.</p>\r\n\r\n			<p>4.&nbsp;C&aacute;ch thức định hướng v&agrave; triển khai việc &aacute;p dụng những c&ocirc;ng nghệ v&agrave;o hoạt động sản xuất, kinh doanh để tiếp kiệm tối đa chi ph&iacute; vận h&agrave;nh</p>\r\n\r\n			<p>5.&nbsp;C&aacute;ch thức tận dụng mọi tiềm lực hiện c&oacute; của bản th&acirc;n để khởi sự kinh doanh ngay lập tức. C&ocirc;ng thức huy động vốn v&agrave; sư dụng tiền của người kh&aacute;c chưa từng được tiết lộ.</p>\r\n\r\n			<p>6.&nbsp;Những tuyệt chi&ecirc;u Marketing v&agrave; b&aacute;n h&agrave;ng với chi ph&iacute; cực thấp gi&uacute;p tăng doanh số v&agrave; từng bước g&acirc;y dựng thương hiệu c&ocirc;ng ty. Phương ph&aacute;p mở rộng thị phần của &quot;c&aacute; mật&quot;</p>\r\n\r\n			<p>7.&nbsp;Phương ph&aacute;p l&agrave;m thương hiệu của &quot;c&aacute; mập&quot;, biến thương hiệu trở th&agrave;nh t&agrave;i sản gi&aacute; trị nhất của doanh nghiệp</p>\r\n\r\n			<p>8.&nbsp;B&iacute; quyết th&agrave;nh c&ocirc;ng c&acirc;n bằng cuộc sống, quản l&yacute; thời gian. Tăng hiệu suất c&ocirc;ng việc, x&acirc;y dựng v&agrave; ph&aacute;p triển c&aacute;c mối quan hệ mới.&nbsp;</p>\r\n\r\n			<p>VTC 14 n&oacute;i về Huấn Luyện Kinh Doanh C&ugrave;ng America Shark Tank</p>\r\n\r\n			<p>Shark Hưng n&oacute;i về Huấn Luyện Kinh Doanh C&ugrave;ng America Shark Tank</p>\r\n\r\n			<p>Độc giả n&oacute;i về Huấn Luyện Kinh Doanh C&ugrave;ng America Shark Tank</p>\r\n\r\n			<p>* Gi&aacute; sản phẩm tr&ecirc;n Tiki đ&atilde; bao gồm thuế theo luật hiện h&agrave;nh. Tuy nhi&ecirc;n tuỳ v&agrave;o từng loại sản phẩm hoặc phương thức, địa chỉ giao h&agrave;ng m&agrave; c&oacute; thể ph&aacute;t sinh th&ecirc;m chi ph&iacute; kh&aacute;c như ph&iacute; vận chuyển, phụ ph&iacute; h&agrave;ng cồng kềnh,</p>\r\n\r\n			<p>* Gi&aacute; sản phẩm tr&ecirc;n Tiki đ&atilde; bao gồm thuế theo luật hiện h&agrave;nh. Tuy nhi&ecirc;n tuỳ v&agrave;o từng loại sản phẩm hoặc phương thức, địa chỉ giao h&agrave;ng m&agrave; c&oacute; thể ph&aacute;t sinh th&ecirc;m chi ph&iacute; kh&aacute;c như ph&iacute; vận chuyển, phụ ph&iacute; h&agrave;ng cồng kềnh, ..</p>\r\n			</td>\r\n		</tr>\r\n	</tbody>\r\n</table>\r\n', 12, 0, 11000, 0, '', 4, '2019-07-11', 0),
(28, 'Nghệ Thuật Bán Hàng Bằng Câu Chuyện', '20191121084412kt1.jpg', 'màu vàng', '<table border=\"0\" cellpadding=\"0\" cellspacing=\"0\" style=\"width:570px\">\r\n	<tbody>\r\n		<tr>\r\n			<td rowspan=\"4\" style=\"background-color:rgb(246, 246, 246); height:20px; vertical-align:baseline; width:150px !important\">\r\n			<p>th&ocirc;ng tin chung</p>\r\n			</td>\r\n			<td style=\"background-color:rgb(252, 252, 252); height:20px; vertical-align:baseline\">&nbsp;</td>\r\n			<td style=\"background-color:rgb(252, 252, 252); height:20px; vertical-align:baseline\">\r\n			<p>&nbsp;</p>\r\n			</td>\r\n		</tr>\r\n		<tr>\r\n			<td style=\"background-color:rgb(252, 252, 252); height:20px; vertical-align:baseline\">\r\n			<p>Chi tiết</p>\r\n\r\n			<h3>GIỚI THIỆU S&Aacute;CH</h3>\r\n\r\n			<p>Nghệ Thuật B&aacute;n H&agrave;ng Bằng C&acirc;u Chuyện (Tặng Bookmark dễ thương)</p>\r\n\r\n			<h1>C&acirc;u chuyện l&agrave; vũ kh&iacute; b&aacute;n h&agrave;ng quan trọng nhất của người b&aacute;n h&agrave;ng</h1>\r\n\r\n			<p>C&acirc;u chuyện l&agrave; vũ kh&iacute; b&aacute;n h&agrave;ng quan trọng nhất của người b&aacute;n h&agrave;ng. Tuy nhi&ecirc;n rất nhiều nh&acirc;n vi&ecirc;n quản l&yacute; kinh doanh v&agrave; nh&acirc;n vi&ecirc;n b&aacute;n h&agrave;ng thường kể chuyện rất dở. Rất dở! C&aacute;c c&acirc;u chuyện của họ nh&agrave;m ch&aacute;n, lộn xộn, thường v&ocirc; nghĩa, v&agrave; hầu hết lu&ocirc;n hướng về bản th&acirc;n. Tr&ecirc;n thực tế, như bạn sẽ đọc được trong Chương 1, nhiều c&acirc;u chuyện thậm ch&iacute; c&ograve;n thiếu c&aacute;c th&agrave;nh phần quan trọng để c&oacute; thể được xem l&agrave; một &ldquo;c&acirc;u chuyện&rdquo;.</p>\r\n\r\n			<p>Một c&acirc;u chuyện b&aacute;n h&agrave;ng tuyệt hay sẽ thay đổi tất thảy. N&oacute; khiến người mua gỡ bỏ h&agrave;ng r&agrave;o đề ph&ograve;ng. N&oacute; gi&uacute;p họ thư gi&atilde;n. N&oacute; chiếm được l&yacute; tr&iacute; lẫn t&igrave;nh cảm của họ bằng c&aacute;ch l&ocirc;i cuốn được tr&iacute; tuệ v&agrave; cảm x&uacute;c của họ. Một c&acirc;u chuyện hay x&acirc;y dựng được uy t&iacute;n v&agrave; định vị bạn trong mắt người mua một c&aacute;ch chuẩn x&aacute;c. Thay v&igrave; chỉ được coi l&agrave; một người ch&agrave;o h&agrave;ng (bằng<br />\r\n			những kiến thức qu&yacute; b&aacute;u Smith đ&atilde; đ&uacute;c r&uacute;t từ người l&agrave;m nghề thu mua vật tư), một c&acirc;u chuyện hấp dẫn sẽ gi&uacute;p bạn trở th&agrave;nh một người tạo ra gi&aacute; trị, người giải quyết vấn đề một c&aacute;ch chuy&ecirc;n nghiệp, v&agrave; l&agrave; nh&agrave; tư vấn m&agrave; bạn mong muốn trở th&agrave;nh.</p>\r\n\r\n			<p>Thậm ch&iacute;, c&oacute; lẽ c&ograve;n quan trọng hơn, c&acirc;u chuyện đầy sức mạnh của bạn cho ph&eacute;p người mua mở l&ograve;ng v&agrave; chia sẻ c&acirc;u chuyện của ch&iacute;nh họ. Chẳng g&igrave; c&oacute; thể kh&iacute;ch lệ kh&aacute;ch h&agrave;ng tiềm năng trả lời cho những c&acirc;u hỏi mang t&iacute;nh chất thăm d&ograve; của bạn, tiết lộ vấn đề, nhu cầu, kết quả họ muốn, t&acirc;m t&igrave;nh, thất vọng, v&agrave; những cơ hội hơn l&agrave; năng lực kể được một c&acirc;u chuyện li&ecirc;n quan, đ&uacute;ng c&aacute;ch v&agrave; đ&uacute;ng l&uacute;c! Thường thường, ch&uacute;ng ta l&agrave;m hỏng chuyện rất nhanh ở giai đoạn t&igrave;m hiểu, bởi lẽ người mua chưa sẵn s&agrave;ng chia sẻ th&ocirc;ng tin. Điển h&igrave;nh l&agrave; sự thăm d&ograve; của bạn kh&ocirc;ng hiệu quả v&igrave; ch&uacute;ng ta chưa &ldquo;h&acirc;m n&oacute;ng&rdquo; được kh&aacute;ch h&agrave;ng tiềm năng, thiết lập l&ograve;ng t&iacute;n nhiệm, hay gi&agrave;nh được quyền n&ecirc;u l&ecirc;n những c&acirc;u hỏi gợi mở mạnh &ndash; tất thảy những g&igrave; một c&acirc;u chuyện tuyệt vời c&oacute; thể thực hiện cho ch&uacute;ng ta.</p>\r\n			</td>\r\n		</tr>\r\n	</tbody>\r\n</table>\r\n', 10, 0, 180000, 0, 'Tặng Bookmark dễ thương', 4, '2019-07-11', 0),
(34, 'Bộ xếp hình 3D bằng gỗ TÒA THÁP ĐÔI ALCC', '20191121091011qln.jpg', 'sọc', '<p>M&Ocirc; TẢ SẢN PHẨM</p>\r\n\r\n<p>K&iacute;ch thước: 215x100x410mm</p>\r\n\r\n<p>Trọng lượng: 0,2 kg</p>\r\n\r\n<p>Chức năng: M&ocirc; h&igrave;nh m&ocirc; phỏng đồ chơi bằng gỗ (3D puzzle)</p>\r\n\r\n<p>Vật liệu: Gỗ (v&aacute;n &eacute;p)</p>\r\n\r\n<p>TH&Ocirc;NG TIN KĨ THUẬT</p>\r\n\r\n<p>1. L&agrave;m bằng gỗ chất lượng cao;</p>\r\n\r\n<p>2. Dễ d&agrave;ng để lắp r&aacute;p</p>\r\n\r\n<p>3. Kh&ocirc;ng c&oacute; keo v&agrave; c&aacute;c c&ocirc;ng cụ cần thiết để lắp r&aacute;p</p>\r\n\r\n<p>4. Hướng dẫn kết hợp được in ph&iacute;a sau</p>\r\n\r\n<p>5. Th&ecirc;m m&agrave;u sắc trước v&agrave; sau khi lắp r&aacute;p</p>\r\n\r\n<p>6. Th&iacute;ch hợp cho những người từ 6 tuổi trở l&ecirc;n</p>\r\n\r\n<p>HƯỚNG DẪN LẮP R&Aacute;P:</p>\r\n\r\n<p>1. Trước ti&ecirc;n, cẩn thận đẩy c&aacute;c cấu h&igrave;nh &eacute;p.</p>\r\n\r\n<p>2. L&agrave;m sạch (trơn) tất cả c&aacute;c cạnh th&ocirc; với giấy nh&aacute;m chất lượng cao trước khi lắp r&aacute;p</p>\r\n\r\n<p>3. Phải c&oacute; một kh&aacute;i niệm về vị tr&iacute; của mỗi th&agrave;nh phần</p>\r\n\r\n<p>4. Lắp r&aacute;p hai th&agrave;nh phần được đ&aacute;nh số giống nhau</p>\r\n\r\n<p>5. Nếu khớp bị lỏng, h&atilde;y d&iacute;nh n&oacute; bằng keo.</p>\r\n\r\n<p>&nbsp;</p>\r\n', 25, 0, 199000, 0, '', 9, '2019-07-12', 0),
(35, 'Khay Cắm Bút Deli 9154', '20191121090327vp8.jpg', 'trắng,kem', '<h3>TH&Ocirc;NG TIN CHI TIẾT</h3>\r\n\r\n<table cellspacing=\"0\" style=\"width:880px\">\r\n	<tbody>\r\n		<tr>\r\n			<td style=\"vertical-align:top\">Thương hiệu</td>\r\n			<td style=\"vertical-align:top\"><a href=\"http://tiki.vn/thuong-hieu/deli.html?_lc=Vk4wMzQwMjUwMDU%3D\" style=\"box-sizing: border-box; background-color: transparent; text-decoration-line: none; color: rgb(0, 127, 240);\">Deli</a></td>\r\n		</tr>\r\n		<tr>\r\n			<td style=\"vertical-align:top\">Xuất xứ thương hiệu</td>\r\n			<td style=\"vertical-align:top\">Trung Quốc</td>\r\n		</tr>\r\n		<tr>\r\n			<td style=\"vertical-align:top\">K&iacute;ch thước</td>\r\n			<td style=\"vertical-align:top\">\r\n			<p>198 x 99 x 97 mm</p>\r\n			</td>\r\n		</tr>\r\n		<tr>\r\n			<td style=\"vertical-align:top\">SKU</td>\r\n			<td style=\"vertical-align:top\">6711334225260</td>\r\n		</tr>\r\n		<tr>\r\n			<td style=\"vertical-align:top\">Model</td>\r\n			<td style=\"vertical-align:top\">9154</td>\r\n		</tr>\r\n	</tbody>\r\n</table>\r\n\r\n<h3>M&Ocirc; TẢ SẢN PHẨM</h3>\r\n\r\n<p>Khay Cắm B&uacute;t Deli 9154 l&agrave; một dụng cụ học tập cần thiết v&agrave; l&agrave; một người bạn đồng h&agrave;nh kh&ocirc;ng thể thiếu với c&aacute;c bạn học sinh - sinh vi&ecirc;n v&agrave; cả c&aacute;c nh&acirc;n vi&ecirc;n văn ph&ograve;ng.<br />\r\nVới khay cắm b&uacute;t, b&agrave;n học v&agrave; l&agrave;m việc của bạn sẽ trở n&ecirc;n ngăn nắp, gọn g&agrave;ng hơn.<br />\r\nSản phẩm gi&uacute;p bạn đựng những chiếc b&uacute;t hoặc một số vật dụng kh&aacute;c như thước, k&eacute;o, khi cần c&oacute; thể t&igrave;m thấy ch&uacute;ng rất dễ d&agrave;ng.<br />\r\nĐược l&agrave;m bằng chất liệu nhựa, c&oacute; độ bền cao.</p>\r\n', 10, 0, 87000, 0, '', 8, '2019-07-12', 0),
(36, 'Bìa 60 lá A4 Thiên Long TL-CFP60', '20191121090549vp10.jpg', '', '<h3>TH&Ocirc;NG TIN CHI TIẾT</h3>\r\n\r\n<table cellspacing=\"0\" style=\"width:880px\">\r\n	<tbody>\r\n		<tr>\r\n			<td style=\"vertical-align:top\">Thương hiệu</td>\r\n			<td style=\"vertical-align:top\"><a href=\"http://tiki.vn/thuong-hieu/thien-long.html?_lc=Vk4wMzQwMjUwMDU%3D\" style=\"box-sizing: border-box; background-color: transparent; text-decoration-line: none; color: rgb(0, 127, 240);\">Thi&ecirc;n Long</a></td>\r\n		</tr>\r\n		<tr>\r\n			<td style=\"vertical-align:top\">Xuất xứ thương hiệu</td>\r\n			<td style=\"vertical-align:top\">Việt Nam</td>\r\n		</tr>\r\n		<tr>\r\n			<td style=\"vertical-align:top\">K&iacute;ch thước</td>\r\n			<td style=\"vertical-align:top\">\r\n			<p>Chiều cao 307mm x chiều ngang 240mm, g&aacute;y 40mm.</p>\r\n			</td>\r\n		</tr>\r\n		<tr>\r\n			<td style=\"vertical-align:top\">SKU</td>\r\n			<td style=\"vertical-align:top\">3362121878881</td>\r\n		</tr>\r\n	</tbody>\r\n</table>\r\n\r\n<h3>M&Ocirc; TẢ SẢN PHẨM</h3>\r\n\r\n<p><strong>Th&ocirc;ng Số Kỹ Thuật</strong></p>\r\n\r\n<table style=\"width:880px\">\r\n	<tbody>\r\n		<tr>\r\n			<td style=\"background-color:rgb(247, 247, 247) !important; border-color:rgb(238, 238, 238); vertical-align:top; width:200px\">Thương hiệu</td>\r\n			<td style=\"border-color:rgb(238, 238, 238); vertical-align:top\">Thi&ecirc;n Long</td>\r\n		</tr>\r\n		<tr>\r\n			<td style=\"background-color:rgb(247, 247, 247) !important; border-color:rgb(238, 238, 238); vertical-align:top; width:200px\">Trọng lượng</td>\r\n			<td style=\"border-color:rgb(238, 238, 238); vertical-align:top\">450 gram</td>\r\n		</tr>\r\n		<tr>\r\n			<td style=\"background-color:rgb(247, 247, 247) !important; border-color:rgb(238, 238, 238); vertical-align:top; width:200px\">Quy c&aacute;ch</td>\r\n			<td style=\"border-color:rgb(238, 238, 238); vertical-align:top\">1 B&igrave;a/t&uacute;i PP</td>\r\n		</tr>\r\n		<tr>\r\n			<td style=\"background-color:rgb(247, 247, 247) !important; border-color:rgb(238, 238, 238); vertical-align:top; width:200px\">Đơn vị t&iacute;nh</td>\r\n			<td style=\"border-color:rgb(238, 238, 238); vertical-align:top\">B&igrave;a</td>\r\n		</tr>\r\n		<tr>\r\n			<td style=\"background-color:rgb(247, 247, 247) !important; border-color:rgb(238, 238, 238); vertical-align:top; width:200px\">M&agrave;u sắc</td>\r\n			<td style=\"border-color:rgb(238, 238, 238); vertical-align:top\">Xanh, Đỏ, Cam</td>\r\n		</tr>\r\n		<tr>\r\n			<td style=\"background-color:rgb(247, 247, 247) !important; border-color:rgb(238, 238, 238); vertical-align:top; width:200px\">Độ d&agrave;y</td>\r\n			<td style=\"border-color:rgb(238, 238, 238); vertical-align:top\">0.4&nbsp;micrometer</td>\r\n		</tr>\r\n		<tr>\r\n			<td style=\"background-color:rgb(247, 247, 247) !important; border-color:rgb(238, 238, 238); vertical-align:top; width:200px\">Khả năng lưu trữ</td>\r\n			<td style=\"border-color:rgb(238, 238, 238); vertical-align:top\">mỗi l&aacute; c&oacute; thể lưu trữ được 10 tờ A4</td>\r\n		</tr>\r\n		<tr>\r\n			<td style=\"background-color:rgb(247, 247, 247) !important; border-color:rgb(238, 238, 238); vertical-align:top; width:200px\">Bảo quản</td>\r\n			<td style=\"border-color:rgb(238, 238, 238); vertical-align:top\">Nhiệt độ: 10 ~ 55&ordm; C, Độ ẩm: 55 ~ 95% RH, Tr&aacute;nh xa nguồn nhiệt, dầu mỡ.</td>\r\n		</tr>\r\n	</tbody>\r\n</table>\r\n\r\n<p><strong>Đặc Điểm:</strong></p>\r\n\r\n<p>B&igrave;a nhiều l&aacute; TL-CFP60 c&oacute; thiết kế đẹp mắt , đơn giản với nhiều m&agrave;u sắc trang nh&atilde;, lịch sự, nhiều k&iacute;ch cỡ lựa chọn t&ugrave;y mục đ&iacute;ch sử dụng.</p>\r\n\r\n<p>Sản phẩm được sản xuất theo c&ocirc;ng nghệ hiện đại, đạt ti&ecirc;u chuẩn quốc tế , th&acirc;n thiện với m&ocirc;i trường, thuận tiện khi sử dụng , chịu nhiệt, &iacute;t trầy xước, độ bền cao qua nhiều lần sử dụng.</p>\r\n\r\n<p>C&aacute;c l&aacute; được h&agrave;n tr&ecirc;n c&ocirc;ng nghệ si&ecirc;u &acirc;m v&agrave; c&oacute; khả năng chịu ứng suất k&eacute;o cao.</p>\r\n\r\n<p>&nbsp;</p>\r\n', 20, 0, 35000, 0, '', 8, '2019-07-12', 0),
(37, 'Hộp đựng bút viết, đồ văn phòng phẩm đa năng', '20191121090411vp9.jpg', '', '<p>Đặc điểm nổi bật:</p>\r\n\r\n<p>Thiết kế nhỏ gọn với nhiều ngăn tiện dụng</p>\r\n\r\n<p>Gi&uacute;p bạn sắp xếp gọn g&agrave;ng b&agrave;n học, b&agrave;n l&agrave;m việc ở cơ quan của m&igrave;nh</p>\r\n\r\n<p>M&agrave;u sắc nhẹ nh&agrave;ng, tinh tế</p>\r\n\r\n<p><img src=\"https://salt.tikicdn.com/ts/tmp/f4/00/79/5f0479526d555ab831045b648eda7dbd.jpg\" style=\"border:0px; box-sizing:border-box; display:block; height:auto; margin-left:auto; margin-right:auto; max-width:100%; vertical-align:middle; width:650px\" /></p>\r\n\r\n<p>M&ocirc; tả chi tiết:</p>\r\n\r\n<p>K&iacute;ch thước: Hộp ngăn to 8,3x9x20,3cm, Hộp ngăn nhỏ 5x9x20,3cm</p>\r\n\r\n<p><img src=\"https://salt.tikicdn.com/ts/tmp/c0/c7/51/f51bbe4eb498afc3050c3c91cc2e602d.jpg\" style=\"border:0px; box-sizing:border-box; display:block; height:auto; margin-left:auto; margin-right:auto; max-width:100%; vertical-align:middle\" /></p>\r\n\r\n<p>Được l&agrave;m từ chất liệu nhựa bền đẹp, chắc chắn.</p>\r\n\r\n<p><img src=\"https://salt.tikicdn.com/ts/tmp/2a/88/65/b5eb36de19a42764461aca425fa950cc.jpg\" style=\"border:0px; box-sizing:border-box; display:block; height:auto; margin-left:auto; margin-right:auto; max-width:100%; vertical-align:middle; width:650px\" /></p>\r\n\r\n<p>Thiết kế đẹp mắt, m&agrave;u sắc nhẹ nh&agrave;ng, tinh tế t&ocirc; điểm th&ecirc;m cho kh&ocirc;ng gian tạo cảm hứng học tập, l&agrave;m việc.</p>\r\n', 13, 0, 35000, 0, '', 8, '2019-07-12', 0),
(38, 'Cốc Cắm Bút 9172 Deli', '20191121090125vp4.jpg', 'đen trắng', '<p>Cốc Cắm B&uacute;t 9172 Deli</p>\r\n\r\n<p>Cốc Cắm B&uacute;t 9172 Deli Cắm B&uacute;t 9172&nbsp;đ&aacute;p ứng c&aacute;c ti&ecirc;u ch&iacute; rẻ, đẹp, bền m&agrave; nhiều người ti&ecirc;u d&ugrave;ng vẫn đang t&igrave;m kiếm. Sản phẩm được l&agrave;m từ sắt sơn tĩnh điện, thiết kế gọn nhẹ, đơn giản nhưng kh&ocirc;ng k&eacute;m phần thanh lịch nhờ v&agrave;o m&agrave;u sắc trang nh&atilde;. Ống cắm b&uacute;t dạng lưới gi&uacute;p cho c&aacute;c đồ d&ugrave;ng văn ph&ograve;ng phẩm chứa b&ecirc;n trong lu&ocirc;n được kh&ocirc; tho&aacute;ng, tr&aacute;nh ẩm mốc. Với chiếc ống cắm b&uacute;t n&agrave;y, b&agrave;n l&agrave;m việc của bạn tr&ocirc;ng sẽ gọn g&agrave;ng, sạch đẹp v&agrave; ngăn nắp hơn.</p>\r\n\r\n<p>Th&ocirc;ng tin sản phẩm</p>\r\n\r\n<p>Chất liệu an to&agrave;n</p>\r\n\r\n<p>Ống cắm b&uacute;t Deli 9172 được l&agrave;m từ sắt sơn tĩnh điện gi&uacute;p chống gỉ s&eacute;t v&agrave; tăng độ bền cho sản phẩm. C&aacute;c chi tiết đều được gia c&ocirc;ng kỹ lưỡng v&agrave; tỉ mỉ nhằm đảm bảo an to&agrave;n cho người sử dụng.</p>\r\n\r\n<p>Thiết kế đơn giản, tinh tế</p>\r\n\r\n<p>Ống cắm b&uacute;t th&acirc;n tr&ograve;n, thiết kế dạng lưới gi&uacute;p giữ cho sản phẩm lu&ocirc;n kh&ocirc; tho&aacute;ng, tr&aacute;nh ẩm mốc. Sản phẩm c&oacute; k&iacute;ch thước vừa phải, gi&uacute;p bạn cất gọn những c&acirc;y b&uacute;t cần thiết khi l&agrave;m việc, học tập, tr&aacute;nh thất lạc v&agrave; dễ d&agrave;ng lấy ra để sử dụng khi cần.</p>\r\n\r\n<p>Tiện dụng, gọn g&agrave;ng</p>\r\n\r\n<p>Ống cắm b&uacute;t c&oacute; thể sử dụng được tại nh&agrave; hoặc trong c&aacute;c văn ph&ograve;ng, c&ocirc;ng ty, ph&ugrave; hợp với mọi đối tượng từ học sinh - sinh vi&ecirc;n cho đến c&aacute;c nh&acirc;n vi&ecirc;n văn ph&ograve;ng. Chiếc ống cắm b&uacute;t n&agrave;y sẽ gi&uacute;p giữ cho khu vực l&agrave;m việc, học tập của bạn lu&ocirc;n được sạch đẹp, gọn g&agrave;ng v&agrave; ngăn nắp hơn.</p>\r\n', 16, 0, 26000, 0, '', 8, '2019-07-12', 0),
(39, 'Kệ Ráp 4 Ngăn + Hộc Cắm Viết Guangbo JK 9267', '20191121090001vp3.jpg', '', '<h3>TH&Ocirc;NG TIN CHI TIẾT</h3>\r\n\r\n<table cellspacing=\"0\" style=\"width:880px\">\r\n	<tbody>\r\n		<tr>\r\n			<td style=\"vertical-align:top\">Thương hiệu</td>\r\n			<td style=\"vertical-align:top\"><a href=\"http://tiki.vn/thuong-hieu/guangbo.html?_lc=Vk4wMzQwMjUwMDU%3D\" style=\"box-sizing: border-box; background-color: transparent; text-decoration-line: none; color: rgb(0, 127, 240);\">Guangbo</a></td>\r\n		</tr>\r\n		<tr>\r\n			<td style=\"vertical-align:top\">Xuất xứ thương hiệu</td>\r\n			<td style=\"vertical-align:top\">Trung Quốc</td>\r\n		</tr>\r\n		<tr>\r\n			<td style=\"vertical-align:top\">SKU</td>\r\n			<td style=\"vertical-align:top\">3994874749189</td>\r\n		</tr>\r\n		<tr>\r\n			<td style=\"vertical-align:top\">Model</td>\r\n			<td style=\"vertical-align:top\">JK 9267</td>\r\n		</tr>\r\n	</tbody>\r\n</table>\r\n\r\n<h3>M&Ocirc; TẢ SẢN PHẨM</h3>\r\n\r\n<ul>\r\n	<li>Kệ R&aacute;p 4 Ngăn + Hộc Cắm Viết Guangbo JK 9267&nbsp;l&agrave; sản phẩm ph&ugrave; hợp với nhiều đối tượng người d&ugrave;ng kh&aacute;c nhau từ học sinh, sinh vi&ecirc;n đến nh&acirc;n vi&ecirc;n văn ph&ograve;ng.&nbsp;</li>\r\n	<li>Thiết kế 4 ngăn được r&aacute;p cố định với nhau ở dạng đứng, d&ugrave;ng để đựng c&aacute;c loại t&agrave;i liệu, hồ sơ, tạp ch&iacute;, s&aacute;ch b&aacute;o một c&aacute;ch tiện lợi v&agrave; an to&agrave;n, kh&ocirc;ng l&agrave;m nhăn, quăn g&oacute;c hay hỏng t&agrave;i liệu. Sản phẩm th&iacute;ch hợp d&ugrave;ng lưu trữ t&agrave;i liệu, hồ sơ trong văn ph&ograve;ng, trường học.</li>\r\n	<li>Kệ được thiết kế dạng rổ với nhiều khe hở rộng, tho&aacute;ng kh&iacute;, gi&uacute;p t&agrave;i liệu kh&ocirc;ng bị ẩm mốc. Bề mặt kệ trơn b&oacute;ng, hạn chế trầy xước, gi&uacute;p bạn dễ d&agrave;ng vệ sinh, lau ch&ugrave;i.</li>\r\n</ul>\r\n\r\n<p>* Gi&aacute; sản phẩm tr&ecirc;n Tiki đ&atilde; bao gồm thuế theo luật hiện h&agrave;nh. Tuy nhi&ecirc;n tuỳ v&agrave;o từng loại sản phẩm hoặc phương thức, địa chỉ giao h&agrave;ng m&agrave; c&oacute; thể ph&aacute;t sinh th&ecirc;m chi ph&iacute; kh&aacute;c như ph&iacute; vận chuyển, phụ ph&iacute; h&agrave;ng cồng kềnh, ..</p>\r\n', 18, 0, 30000, 0, '', 8, '2019-07-12', 0),
(40, 'Kệ Gỗ Đựng Đồ Dùng Văn Phòng Lắp Ráp - Hình Mèo', '20191121085914vp2.jpg', '', '<h3>TH&Ocirc;NG TIN CHI TIẾT</h3>\r\n\r\n<table cellspacing=\"0\" style=\"width:880px\">\r\n	<tbody>\r\n		<tr>\r\n			<td style=\"vertical-align:top\">Thương hiệu</td>\r\n			<td style=\"vertical-align:top\"><a href=\"http://tiki.vn/thuong-hieu/oem.html?_lc=Vk4wMzQwMjUwMDU%3D\" style=\"box-sizing: border-box; background-color: transparent; text-decoration-line: none; color: rgb(0, 127, 240);\">OEM</a></td>\r\n		</tr>\r\n		<tr>\r\n			<td style=\"vertical-align:top\">Xuất xứ thương hiệu</td>\r\n			<td style=\"vertical-align:top\">Trung Quốc</td>\r\n		</tr>\r\n		<tr>\r\n			<td style=\"vertical-align:top\">K&iacute;ch thước</td>\r\n			<td style=\"vertical-align:top\">15x13x13.5cm</td>\r\n		</tr>\r\n		<tr>\r\n			<td style=\"vertical-align:top\">SKU</td>\r\n			<td style=\"vertical-align:top\">5900258783005</td>\r\n		</tr>\r\n	</tbody>\r\n</table>\r\n\r\n<h3>M&Ocirc; TẢ SẢN PHẨM</h3>\r\n\r\n<ul>\r\n	<li>Kệ Gỗ Đựng Đồ D&ugrave;ng Văn Ph&ograve;ng Lắp R&aacute;p - H&igrave;nh M&egrave;o&nbsp;c&oacute; thiết kế dễ thương, m&agrave;u v&acirc;n gỗ, chia l&agrave;m 3 ngăn, gồm 1 ngăn lớn v&agrave; 2 ngăn nhỏ.</li>\r\n	<li>C&aacute;ch lắp gh&eacute;p hộp b&uacute;t gỗ rất tiện lợi v&agrave; nhanh ch&oacute;ng.</li>\r\n	<li>Gi&uacute;p bạn để c&aacute;c vật dụng văn ph&ograve;ng nhỏ xinh, g&oacute;p phần l&agrave;m cho g&oacute;c học tập, l&agrave;m việc gọn g&agrave;ng hơn.</li>\r\n	<li>&nbsp;</li>\r\n</ul>\r\n', 9, 0, 29000, 0, '', 8, '2019-07-12', 0),
(41, 'Ghim Vòng Màu Deli - 29mm 24', '20191121085809vp1.jpg', 'Đen', '<h3>TH&Ocirc;NG TIN CHI TIẾT</h3>\r\n\r\n<table cellspacing=\"0\" style=\"width:880px\">\r\n	<tbody>\r\n		<tr>\r\n			<td style=\"vertical-align:top\">Thương hiệu</td>\r\n			<td style=\"vertical-align:top\"><a href=\"http://tiki.vn/thuong-hieu/deli.html?_lc=Vk4wMzQwMjUwMDU%3D\" style=\"box-sizing: border-box; background-color: transparent; text-decoration-line: none; color: rgb(0, 127, 240);\">Deli</a></td>\r\n		</tr>\r\n		<tr>\r\n			<td style=\"vertical-align:top\">SKU</td>\r\n			<td style=\"vertical-align:top\">2204000808231</td>\r\n		</tr>\r\n		<tr>\r\n			<td style=\"vertical-align:top\">Model</td>\r\n			<td style=\"vertical-align:top\">24</td>\r\n		</tr>\r\n	</tbody>\r\n</table>\r\n\r\n<h3>M&Ocirc; TẢ SẢN PHẨM</h3>\r\n\r\n<p>Ghim V&ograve;ng M&agrave;u Deli - 29mm 24</p>\r\n\r\n<p>Ghim V&ograve;ng M&agrave;u Deli - 29mm 24&nbsp;đ&oacute;ng hộp tiện sử dụng v&agrave; bảo quản. Chất liệu hợp kim th&eacute;p cao cấp cứng c&aacute;p, dẻo dai, c&oacute; phủ lớp xi chống hoen gỉ. Thiết kế kiểu ghim mảnh, dạng v&ograve;ng, gi&uacute;p cố định giấy tờ chắc chắn, tr&aacute;nh thất lạc. Nhiều m&agrave;u sắc nổi bật, bắt mắt.</p>\r\n\r\n<p>Th&ocirc;ng tin sản phẩm</p>\r\n\r\n<p>Đ&oacute;ng hộp tiện dụng</p>\r\n\r\n<p>Ghim V&ograve;ng M&agrave;u Deli - 29mm 24&nbsp;gồm rất nhiều ghim nhọn được đ&oacute;ng trong hộp nhựa chắc chắc. Nhờ đ&oacute;, bạn c&oacute; thể dễ d&agrave;ng bạn bảo quản ghim cẩn thận, tr&aacute;nh để thất lạc, rơi rớt. Nắp bật dễ sử dụng.</p>\r\n\r\n<p>Chất liệu hợp kim th&eacute;p si&ecirc;u bền</p>\r\n\r\n<p>Ghim V&ograve;ng M&agrave;u Deli - 29mm 24&nbsp;gia c&ocirc;ng từ hợp kim th&eacute;p cao cấp, c&oacute; phủ lớp xi chống hoen gỉ. Sản phẩm c&oacute; độ cứng c&aacute;p, dẻo dai, chống biến dạng tốt, c&oacute; thể ghim c&ugrave;ng l&uacute;c nhiều giấy tờ.</p>\r\n\r\n<p>Ghim nhọn mang t&iacute;nh ứng dụng cao</p>\r\n\r\n<p>Sản phẩm được sử dụng rộng r&atilde;i tại c&aacute;c cơ quan, văn ph&ograve;ng. Thiết kế kiểu ghim mảnh, dạng v&ograve;ng, gi&uacute;p cố định giấy tờ chắc chắn, tr&aacute;nh thất lạc.</p>\r\n\r\n<p>&nbsp;</p>\r\n', 20, 0, 8000, 0, '', 8, '2019-07-12', 0),
(49, 'Thước Kẻ 30cm Deli 6230', '20191121083123b3.jpg', '', '<table cellspacing=\"0\" style=\"width:880px\">\r\n	<tbody>\r\n		<tr>\r\n			<td style=\"vertical-align:top\">Thương hiệu</td>\r\n			<td style=\"vertical-align:top\"><a href=\"http://tiki.vn/thuong-hieu/deli.html?_lc=Vk4wMzQwMjUwMDU%3D\" style=\"box-sizing: border-box; background-color: transparent; text-decoration-line: none; color: rgb(0, 127, 240);\">Deli</a></td>\r\n		</tr>\r\n		<tr>\r\n			<td style=\"vertical-align:top\">Model</td>\r\n			<td style=\"vertical-align:top\">6208</td>\r\n		</tr>\r\n		<tr>\r\n			<td style=\"vertical-align:top\">SKU</td>\r\n			<td style=\"vertical-align:top\">2191470716473</td>\r\n		</tr>\r\n	</tbody>\r\n</table>\r\n\r\n<h3>M&Ocirc; TẢ SẢN PHẨM</h3>\r\n\r\n<p>Thước Dẻo 20cm Deli 6208</p>\r\n\r\n<p>Thước Dẻo 20cm Deli 6208&nbsp;được l&agrave;m từ nhựa dẻo trong suốt, m&agrave;u sắc tươi s&aacute;ng, nổi bật. Chiều d&agrave;i vừa phải, thuận tiện cho học sinh, sinh vi&ecirc;n, nh&acirc;n vi&ecirc;n văn ph&ograve;ng đo hay vẽ c&aacute;c đường thẳng. Bề mặt thước c&oacute; vạch chia k&iacute;ch thước theo đơn vị cm r&otilde; r&agrave;ng, kh&ocirc;ng bị phai mờ khi sử dụng thời gian d&agrave;i, gi&uacute;p bạn điều chỉnh v&agrave; kẻ những đường thẳng ch&iacute;nh x&aacute;c nhất.</p>\r\n\r\n<p>Th&ocirc;ng tin sản phẩm</p>\r\n\r\n<p>Chất liệu nhựa dẻo v&agrave; bền bỉ</p>\r\n\r\n<p>Thước được l&agrave;m từ nhựa trong suốt, dẻo, bền, kh&ocirc;ng dễ g&atilde;y khi uốn cong. Do được l&agrave;m từ nhựa dẻo n&ecirc;n thước c&oacute; độ bền cao hơn, trẻ em sử dụng cũng an to&agrave;n hơn. Sản phẩm l&agrave; dụng cụ kh&ocirc;ng thể thiếu của c&aacute;c em học sinh, sinh vi&ecirc;n.</p>\r\n\r\n<p>Vạch chia cm r&otilde; r&agrave;ng tạo những đường kẻ ch&iacute;nh x&aacute;c</p>\r\n\r\n<p>C&aacute;c vạch chia khoảng c&aacute;ch tr&ecirc;n thước được chia tỉ mỉ c&ugrave;ng những con số chỉ đơn vị in đậm n&eacute;t, r&otilde; r&agrave;ng, gi&uacute;p bạn c&oacute; thể đo được ch&iacute;nh x&aacute;c k&iacute;ch thước của c&aacute;c vật dụng. Thước c&oacute; độ d&agrave;i 20cm thuận tiện cho học sinh, sinh vi&ecirc;n, nh&acirc;n vi&ecirc;n văn ph&ograve;ng đo đạc hay vẽ c&aacute;c đường thẳng.</p>\r\n\r\n<p>M&agrave;u sắc đa dạng</p>\r\n\r\n<p>Sản phẩm c&oacute; ba m&agrave;u: xanh l&aacute;, hồng v&agrave; xanh dương cho bạn lựa chọn. Với mức k&iacute;ch thước vừa phải, thước được sử dụng trong c&aacute;c m&ocirc;n học ở trường v&agrave; dễ d&agrave;ng cất giữ, bảo quản.</p>\r\n\r\n<p>&nbsp;</p>\r\n\r\n<p>&nbsp;</p>\r\n', 17, 0, 8000, 0, '', 7, '2019-07-12', 0);
INSERT INTO `sanpham` (`idsp`, `tensp`, `hinhanh`, `mau`, `chitiet`, `soluong`, `daban`, `gia`, `khuyenmai1`, `khuyenmai2`, `madm`, `ngaycapnhat`, `trangthai`) VALUES
(50, 'Màu Nước Thiên Long WACO 05 (12 Màu)', '20191121082959b2.jpg', 'Đỏ Vàng', '<h3>TH&Ocirc;NG TIN CHI TIẾT</h3>\r\n\r\n<table cellspacing=\"0\" style=\"width:880px\">\r\n	<tbody>\r\n		<tr>\r\n			<td style=\"vertical-align:top\">Thương hiệu</td>\r\n			<td style=\"vertical-align:top\"><a href=\"http://tiki.vn/thuong-hieu/thien-long.html?_lc=Vk4wMzQwMjUwMDU%3D\" style=\"box-sizing: border-box; background-color: transparent; text-decoration-line: none; color: rgb(0, 127, 240);\">Thi&ecirc;n Long</a></td>\r\n		</tr>\r\n		<tr>\r\n			<td style=\"vertical-align:top\">SKU</td>\r\n			<td style=\"vertical-align:top\">2251099148625</td>\r\n		</tr>\r\n	</tbody>\r\n</table>\r\n\r\n<h3>M&Ocirc; TẢ SẢN PHẨM</h3>\r\n\r\n<p>M&agrave;u Nước Thi&ecirc;n Long WACO 05 (12 M&agrave;u)</p>\r\n\r\n<p>M&agrave;u Nước Thi&ecirc;n Long WACO 05 (12 M&agrave;u)&nbsp;c&oacute; độ s&aacute;nh v&agrave; mịn vừa đủ, độ phủ tốt, cho sắc m&agrave;u sắc n&eacute;t v&agrave; rất đều m&agrave;u. Sản phẩm mang đến 12 m&agrave;u sắc kh&aacute;c nhau c&oacute; độ chuẩn m&agrave;u cao. T&ocirc;ng m&agrave;u tươi s&aacute;ng, ch&acirc;n thật, ph&ugrave; hợp với đối tượng học sinh, sinh vi&ecirc;n.</p>\r\n\r\n<p>Th&ocirc;ng tin sản phẩm</p>\r\n\r\n<p>Chất lượng m&agrave;u cao cấp</p>\r\n\r\n<p>-&nbsp;M&agrave;u Nước Thi&ecirc;n Long WACO 05 (12 M&agrave;u) rất đa dạng về m&agrave;u sắc nhưng vẫn cho độ chuẩn m&agrave;u cao. T&ocirc;ng m&agrave;u tươi s&aacute;ng, ch&acirc;n thật, ph&ugrave; hợp cho mọi độ tuổi sử dụng.</p>\r\n\r\n<p>- M&agrave;u vẽ c&oacute; độ s&aacute;nh v&agrave; mịn vừa đủ, độ phủ tốt, cho sắc m&agrave;u sắc n&eacute;t v&agrave; rất đều m&agrave;u. M&agrave;u c&oacute; độ b&aacute;m d&iacute;nh cực tốt v&agrave; kh&ocirc;ng thấm ra mặt sau của giấy, kh&ocirc;ng hề lem chảy. Ch&uacute; &yacute; n&ecirc;n đảo đều m&agrave;u trước khi sử dụng.</p>\r\n\r\n<p>- Khi bạn chồng m&agrave;u v&agrave; pha trộn m&agrave;u tuỳ theo &yacute; muốn của m&igrave;nh, sản phẩm vẫn cho ra m&agrave;u c&oacute; bộ b&oacute;ng, tươi s&aacute;ng v&agrave; c&oacute; độ chuẩn m&agrave;u cao.</p>\r\n\r\n<p>- M&agrave;u kh&ocirc; nhanh trong kh&ocirc;ng kh&iacute; v&agrave; rất bền m&agrave;u, l&acirc;u phai theo thời gian, do đ&oacute; những t&aacute;c phẩm nghệ thuật của bạn c&oacute; thể lưu giữ l&acirc;u d&agrave;i.</p>\r\n\r\n<p>Sản phẩm an to&agrave;n</p>\r\n\r\n<p>-&nbsp;M&agrave;u Nước Thi&ecirc;n Long WACO 05 (12 M&agrave;u) kh&ocirc;ng chứa h&oacute;a chất độc hại, chất lượng đạt ti&ecirc;u chuẩn quốc tế về độ bền v&agrave; an to&agrave;n cho sức khỏe người d&ugrave;ng.</p>\r\n\r\n<p>- M&agrave;u kh&ocirc;ng g&acirc;y m&ugrave;i kh&oacute; chịu khi mở nắp v&agrave; dễ d&agrave;ng mất đi ngay sau khi vẽ, n&ecirc;n đảm bảo kh&ocirc;ng g&acirc;y ảnh hưởng đến kh&ocirc;ng kh&iacute; trong ph&ograve;ng.</p>\r\n\r\n<p>T&iacute;nh tiện lợi cao</p>\r\n\r\n<p>- M&agrave;u được đ&oacute;ng trong lọ c&oacute; nắp đậy chắc chắn, đảm bảo kh&ocirc;ng l&agrave;m đổ m&agrave;u ra ngo&agrave;i, rất dễ bảo quản v&agrave; tiện lợi khi mang theo.</p>\r\n\r\n<p>- M&agrave;u Nước Thi&ecirc;n Long WACO 05 (12 M&agrave;u) mang đến cho bạn 12 m&agrave;u sắc kh&aacute;c nhau, m&agrave;u n&agrave;o cũng rực rỡ tươi s&aacute;ng, để bạn c&oacute; thể thoả sức s&aacute;ng tạo n&ecirc;n những t&aacute;c phẩm nghệ thuật của m&igrave;nh.</p>\r\n\r\n<p>- Khi lem ra tay, m&agrave;u vẽ c&oacute; thể dễ d&agrave;ng rửa sạch bằng nước v&agrave; giặt sạch bằng x&agrave; ph&ograve;ng khi bị d&iacute;nh v&agrave;o quần &aacute;o. Khi được bảo quản đ&uacute;ng c&aacute;ch, m&agrave;u vẫn cho sắc m&agrave;u tươi s&aacute;ng v&agrave; giữ nguy&ecirc;n chất lượng ban đầu d&ugrave; để trong thời gian l&acirc;u d&agrave;i.</p>\r\n\r\n<p>Thương hiệu uy t&iacute;n</p>\r\n\r\n<p>Sản phẩm mang thương Thi&ecirc;n Long, hiện nay, đ&acirc;y ch&iacute;nh l&agrave; một trong những thương hiệu h&agrave;ng đầu của Việt Nam trong lĩnh vực sản xuất b&uacute;t bi v&agrave; c&aacute;c loại văn ph&ograve;ng phẩm kh&aacute;c. Để mang đến cho người ti&ecirc;u d&ugrave;ng những sản phẩm c&oacute; chất lượng tốt nhất, tất cả những sản phẩm của Thi&ecirc;n Long đều phải trải qua qu&aacute; tr&igrave;nh nghi&ecirc;n cứu, thi c&ocirc;ng kỹ thuật, thử nghiệm, kiểm định nghi&ecirc;m ngặt v&agrave; kĩ c&agrave;ng.</p>\r\n\r\n<p>&nbsp;</p>\r\n\r\n<p>&nbsp;</p>\r\n', 15, 0, 59000, 0, '', 7, '2019-07-12', 0),
(51, 'Bộ 24 Màu Cao Cấp Marco Raffine ', '20191121082905bu1.jpg', '', '<table cellspacing=\"0\" style=\"width:880px\">\r\n	<tbody>\r\n		<tr>\r\n			<td style=\"vertical-align:top\">Thương hiệu</td>\r\n			<td style=\"vertical-align:top\"><a href=\"http://tiki.vn/thuong-hieu/marco.html?_lc=Vk4wMzQwMjUwMDU%3D\" style=\"box-sizing: border-box; background-color: transparent; text-decoration-line: none; color: rgb(0, 127, 240);\">Marco</a></td>\r\n		</tr>\r\n		<tr>\r\n			<td style=\"vertical-align:top\">SKU</td>\r\n			<td style=\"vertical-align:top\">2257709214834</td>\r\n		</tr>\r\n		<tr>\r\n			<td style=\"vertical-align:top\">Model</td>\r\n			<td style=\"vertical-align:top\">7100-24CB</td>\r\n		</tr>\r\n	</tbody>\r\n</table>\r\n\r\n<h3>M&Ocirc; TẢ SẢN PHẨM</h3>\r\n\r\n<p>Bộ 24 M&agrave;u Cao Cấp Marco Raffine 7100-24CB (Hộp Giấy)</p>\r\n\r\n<p>Bộ 24 M&agrave;u Cao Cấp Marco Raffine 7100-24CB (Hộp Giấy)&nbsp;- Mọi người đều muốn sở hữu sản phẩm n&agrave;y! C&acirc;u khẳng định đ&oacute;, nếu kh&ocirc;ng phải d&agrave;nh cho Bộ 24 M&agrave;u Cao Cấp Marco Raffine, th&igrave; cũng kh&ocirc;ng thể cho bất cứ sản phẩm n&agrave;o kh&aacute;c.</p>\r\n\r\n<p>Th&ocirc;ng tin sản phẩm</p>\r\n\r\n<p>Thương hiệu uy t&iacute;n</p>\r\n\r\n<p>Marco l&agrave; thương hiệu b&uacute;t ch&igrave; m&agrave;u nổi tiếng của Trung Quốc, sản phẩm đ&atilde; c&oacute; mặt tr&ecirc;n 80 quốc gia v&agrave; được đ&ocirc;ng đảo c&aacute;c họa sĩ b&aacute;n chuy&ecirc;n y&ecirc;u th&iacute;ch sử dụng.</p>\r\n\r\n<p>Sản phẩm ưu việt</p>\r\n\r\n<p>Bộ 24 M&agrave;u Cao Cấp Marco Raffine, với c&aacute;c t&iacute;nh năng nổi bật, sẽ l&agrave;m h&agrave;i l&ograve;ng bất kỳ ai, d&ugrave; đ&oacute; c&oacute; l&agrave; họa sĩ kh&oacute; t&iacute;nh nhất:</p>\r\n\r\n<p>- Sản phẩm được l&agrave;m từ chất liệu gỗ cao cấp. V&igrave; thế, th&acirc;n b&uacute;t c&oacute; khả năng chịu lực lớn, tạo n&ecirc;n những đường m&agrave;i sắc n&eacute;t, kh&ocirc;ng những gi&uacute;p cho t&aacute;c phẩm của bạn v&ocirc; c&ugrave;ng ch&acirc;n thực m&agrave; c&ograve;n l&agrave;m cho việc sử dụng b&uacute;t tiết kiệm hơn.</p>\r\n\r\n<p>- Tone ch&igrave; rất chuẩn, độ đậm cao, độ mịn c&ugrave;ng m&agrave;u sắc tươi s&aacute;ng, đầy sống động, gi&uacute;p gia tăng độ phủ đến 100%. Đặc biệt, b&uacute;t rất dễ chuốt nhưng kh&ocirc;ng g&atilde;y.</p>\r\n\r\n<p>- M&agrave;u gốc vẫn được giữ nguy&ecirc;n khi t&ocirc; đ&egrave; l&ecirc;n m&agrave;u kh&aacute;c, rất l&iacute; tưởng để trộn m&agrave;u v&agrave; vẽ nhiều lớp. Ngo&agrave;i ra, c&oacute; thể phối trộn để tạo b&oacute;ng, tạo m&agrave;u mới, highlight.</p>\r\n\r\n<p>- Tu&acirc;n thủ ti&ecirc;u chuẩn an to&agrave;n Ch&acirc;u &Acirc;u, kh&ocirc;ng chứa chất độc g&acirc;y hại cho sức khỏe.</p>\r\n\r\n<p>Một sản phẩm được đ&aacute;nh gi&aacute; l&agrave; rất ph&ugrave; hợp cho nghệ sĩ nghiệp dư c&ugrave;ng c&aacute;c d&ograve;ng s&aacute;ch Coloring books.</p>\r\n\r\n<p>&nbsp;</p>\r\n\r\n<p>&nbsp;</p>\r\n', 22, 0, 96000, 0, '', 7, '2019-07-12', 0),
(52, 'Hồ Khô Keyroad 8G 971291', '20191121090742hs1.jpg', '', '<h3>TH&Ocirc;NG TIN CHI TIẾT</h3>\r\n\r\n<table cellspacing=\"0\" style=\"width:880px\">\r\n	<tbody>\r\n		<tr>\r\n			<td style=\"vertical-align:top\">Thương hiệu</td>\r\n			<td style=\"vertical-align:top\"><a href=\"http://tiki.vn/thuong-hieu/keyroad.html?_lc=Vk4wMzQwMjUwMDU%3D\" style=\"box-sizing: border-box; background-color: transparent; text-decoration-line: none; color: rgb(0, 127, 240);\">Keyroad</a></td>\r\n		</tr>\r\n		<tr>\r\n			<td style=\"vertical-align:top\">Xuất xứ thương hiệu</td>\r\n			<td style=\"vertical-align:top\">Trung Quốc</td>\r\n		</tr>\r\n		<tr>\r\n			<td style=\"vertical-align:top\">K&iacute;ch thước</td>\r\n			<td style=\"vertical-align:top\">1*7</td>\r\n		</tr>\r\n		<tr>\r\n			<td style=\"vertical-align:top\">SKU</td>\r\n			<td style=\"vertical-align:top\">6685884924259</td>\r\n		</tr>\r\n	</tbody>\r\n</table>\r\n\r\n<h3>M&Ocirc; TẢ SẢN PHẨM</h3>\r\n\r\n<ul>\r\n	<li>Hồ Kh&ocirc; Keyroad 8G 971291&nbsp;c&oacute; chất hồ mịn, kh&ocirc;, b&aacute;m d&iacute;nh tốt m&agrave; kh&ocirc;ng l&agrave;m nhăn hay hư bề mặt được d&aacute;n.</li>\r\n	<li>Thiết kế dạng thỏi c&ugrave;ng cơ chế vặn tiện dụng gi&uacute;p bạn c&oacute; thể sử dụng dễ d&agrave;ng, kh&ocirc;ng d&iacute;nh tay v&agrave; thao t&aacute;c nhanh ch&oacute;ng, lượng hồ ra đều, mỏng.</li>\r\n	<li>Sản phẩm được sản xuất từ nguy&ecirc;n liệu an to&agrave;n cho sức khỏe, kh&ocirc;ng chứa chất độc hại, th&iacute;ch hợp sử dụng tr&ecirc;n nhiều chất liệu như giấy, vải, nhựa.</li>\r\n</ul>\r\n', 17, 0, 6000, 0, '', 7, '2019-07-12', 0),
(53, 'Tập Tô Màu Và Học Chữ Cái Tiếng Việt', '20191121085605tt6.jpg', 'in màu', '<p>&nbsp;</p>\r\n\r\n<h3>TH&Ocirc;NG TIN CHI TIẾT</h3>\r\n\r\n<table cellspacing=\"0\" style=\"width:880px\">\r\n	<tbody>\r\n		<tr>\r\n			<td style=\"vertical-align:top\">C&ocirc;ng ty ph&aacute;t h&agrave;nh</td>\r\n			<td style=\"vertical-align:top\"><a href=\"http://tiki.vn/cty-sach/nxb-thanh-hoa.html?_lc=Vk4wMzQwMjUwMDU%3D\" style=\"box-sizing: border-box; background-color: transparent; text-decoration-line: none; color: rgb(0, 127, 240);\">NXB Thanh H&oacute;a</a></td>\r\n		</tr>\r\n		<tr>\r\n			<td style=\"vertical-align:top\">T&aacute;c giả</td>\r\n			<td style=\"vertical-align:top\">Nhiều T&aacute;c Giả, Nhiều T&aacute;c Giả, Nhiều t&aacute;c giả, Nhiều T&aacute;c Giả , Nhiều T&aacute;c giả</td>\r\n		</tr>\r\n		<tr>\r\n			<td style=\"vertical-align:top\">SKU</td>\r\n			<td style=\"vertical-align:top\">9488336625417</td>\r\n		</tr>\r\n	</tbody>\r\n</table>\r\n\r\n<h3>GIỚI THIỆU S&Aacute;CH</h3>\r\n\r\n<p>T&ocirc; m&agrave;u l&agrave; h&igrave;nh thức k&iacute;ch th&iacute;ch tr&iacute; tưởng tượng cũng như h&igrave;nh th&agrave;nh tư duy cho c&aacute;c b&eacute; mẫu gi&aacute;o. T&ocirc; m&agrave;u gi&uacute;p c&aacute;c b&eacute; l&agrave;m quen với thế giới m&agrave;u sắc, l&agrave;m quen với sự vật trong đời sống hằng ng&agrave;y qua từng trang giấy. Dạy b&eacute; t&ocirc; m&agrave;u l&agrave; một c&aacute;ch để gi&uacute;p b&eacute; thể hiện t&igrave;nh cảm v&agrave; giao lưu với mọi người. Điều quan trọng hơn l&agrave; c&oacute; thể dạy c&aacute;c b&eacute; l&agrave;m quen với bảng chữ c&aacute;i, h&igrave;nh dạng v&agrave; m&agrave;u sắc, r&egrave;n luyện khả năng động n&atilde;o v&agrave; luyện phối hợp tay của b&eacute;.</p>\r\n\r\n<p>&nbsp;</p>\r\n', 14, 0, 9000, 0, '', 5, '2019-07-13', 0),
(54, 'Danh Tác Việt Nam - Nam Cao Tuyển Tập', '20191121085356vh8.jpg', '', '<h3>TH&Ocirc;NG TIN CHI TIẾT</h3>\r\n\r\n<table cellspacing=\"0\" style=\"width:880px\">\r\n	<tbody>\r\n		<tr>\r\n			<td style=\"vertical-align:top\">C&ocirc;ng ty ph&aacute;t h&agrave;nh</td>\r\n			<td style=\"vertical-align:top\"><a href=\"http://tiki.vn/cty-sach/tri-viet.html?_lc=Vk4wMzQwMjUwMDU%3D\" style=\"box-sizing: border-box; background-color: transparent; text-decoration-line: none; color: rgb(0, 127, 240);\">Tr&iacute; Việt</a></td>\r\n		</tr>\r\n		<tr>\r\n			<td style=\"vertical-align:top\">T&aacute;c giả</td>\r\n			<td style=\"vertical-align:top\">Nam Cao</td>\r\n		</tr>\r\n		<tr>\r\n			<td style=\"vertical-align:top\">Ng&agrave;y xuất bản</td>\r\n			<td style=\"vertical-align:top\">11-2019</td>\r\n		</tr>\r\n		<tr>\r\n			<td style=\"vertical-align:top\">K&iacute;ch thước</td>\r\n			<td style=\"vertical-align:top\">14.5 x 20.5 cm</td>\r\n		</tr>\r\n		<tr>\r\n			<td style=\"vertical-align:top\">Nh&agrave; xuất bản</td>\r\n			<td style=\"vertical-align:top\">Nh&agrave; Xuất Bản Văn Học</td>\r\n		</tr>\r\n		<tr>\r\n			<td style=\"vertical-align:top\">Loại b&igrave;a</td>\r\n			<td style=\"vertical-align:top\">B&igrave;a mềm</td>\r\n		</tr>\r\n		<tr>\r\n			<td style=\"vertical-align:top\">Số trang</td>\r\n			<td style=\"vertical-align:top\">496</td>\r\n		</tr>\r\n		<tr>\r\n			<td style=\"vertical-align:top\">SKU</td>\r\n			<td style=\"vertical-align:top\">7877453745146</td>\r\n		</tr>\r\n	</tbody>\r\n</table>\r\n\r\n<h3>GIỚI THIỆU S&Aacute;CH</h3>\r\n\r\n<p>Đời văn Nam Cao kh&ocirc;ng d&agrave;i. Tr&ecirc;n mười năm s&aacute;ng t&aacute;c ở cả hai thời kỳ trước v&agrave; sau C&aacute;ch mạng, Nam Cao đ&atilde; để lại nhiều t&aacute;c phẩm c&oacute; gi&aacute; trị. Thời gian tr&ocirc;i qua, t&aacute;c phẩm của Nam Cao như c&agrave;ng bộc lộ th&ecirc;m những phẩm chất mới, những gi&aacute; trị mới. Ch&uacute;ng ta c&agrave;ng th&ecirc;m y&ecirc;u qu&yacute; &ocirc;ng, một t&acirc;m hồn trung thực v&agrave; cao đẹp trong cuộc đời cũng như tr&ecirc;n trang s&aacute;ch; một nh&agrave; văn chiến sĩ với &yacute; nghĩa đ&iacute;ch thực v&agrave; trọn vẹn của danh hiệu n&agrave;y.</p>\r\n\r\n<p>Người y&ecirc;u văn chương của Nam Cao nhận ra mỗi vấn đề m&agrave; &ocirc;ng đ&atilde; từng đề cập trong t&aacute;c phẩm của m&igrave;nh đều l&agrave; vấn đề bức thiết trong x&atilde; hội hiện đại, ch&uacute;ng chưa bao giờ cũ m&ograve;n, ch&uacute;ng l&agrave; những &ldquo;tấm gương x&ecirc; dịch tr&ecirc;n qu&atilde;ng đường đời&rdquo;.</p>\r\n\r\n<p>B&ecirc;n cạnh đ&oacute;, tinh thần nh&acirc;n đạo m&agrave; &ocirc;ng gửi gắm qua từng t&aacute;c phẩm cũng ch&iacute;nh l&agrave; yếu tố gi&uacute;p c&aacute;c t&aacute;c phẩm c&oacute; được sức sống bất diệt. Nh&agrave; văn t&agrave;i năng ấy lu&ocirc;n lấy t&igrave;nh y&ecirc;u thương con người l&agrave;m gốc rễ văn chương. Nếu như những nh&agrave; văn trước đ&oacute; chỉ nhắc đến c&aacute;i ngh&egrave;o, c&aacute;i đ&oacute;i vật chất h&agrave;nh hạ con người, th&igrave; với Nam Cao, đ&oacute;i ngh&egrave;o nh&acirc;n c&aacute;ch lại l&agrave; điều đ&aacute;ng để băn khoăn, trăn trở.</p>\r\n\r\n<p>S&aacute;ng tạo, s&aacute;ng tạo v&agrave; s&aacute;ng tạo kh&ocirc;ng ngừng nghỉ, Nam Cao đ&atilde; khẳng định vị thế của m&igrave;nh trong tiến tr&igrave;nh ph&aacute;t triển của văn học nước nh&agrave;.</p>\r\n', 23, 2, 2590000, 0, '', 3, '2019-07-15', 0),
(69, 'Tạp Chí Công Chúa - Tập 114', '20191121083747tt4.jpg', '', '<ul>\r\n	<li>\r\n	<h3>TH&Ocirc;NG TIN CHI TIẾT</h3>\r\n\r\n	<table cellspacing=\"0\" style=\"width:880px\">\r\n		<tbody>\r\n			<tr>\r\n				<td style=\"vertical-align:top\">C&ocirc;ng ty ph&aacute;t h&agrave;nh</td>\r\n				<td style=\"vertical-align:top\"><a href=\"http://tiki.vn/cty-sach/nxb-kim-dong.html?_lc=Vk4wMzQwMjUwMDU%3D\" style=\"box-sizing: border-box; background-color: transparent; text-decoration-line: none; color: rgb(0, 127, 240);\">NXB Kim Đồng</a></td>\r\n			</tr>\r\n			<tr>\r\n				<td style=\"vertical-align:top\">T&aacute;c giả</td>\r\n				<td style=\"vertical-align:top\">Disney</td>\r\n			</tr>\r\n			<tr>\r\n				<td style=\"vertical-align:top\">SKU</td>\r\n				<td style=\"vertical-align:top\">2461588971263</td>\r\n			</tr>\r\n		</tbody>\r\n	</table>\r\n\r\n	<h3>GIỚI THIỆU S&Aacute;CH</h3>\r\n\r\n	<p>Tạp ch&iacute; c&ocirc;ng ch&uacute;a - Tập 114</p>\r\n\r\n	<p>Tạp ch&iacute; C&ocirc;ng ch&uacute;a ph&aacute;t h&agrave;nh định k&igrave; hằng th&aacute;ng d&agrave;nh cho c&aacute;c bạn nữ độ tuổi Tiểu học với phần truyện tranh v&agrave; tr&ograve; chơi được mua bản quyền trực tiếp từ Disney, c&ugrave;ng nhiều nội dung hấp dẫn kh&aacute;c như tin tức khoa học, nghệ thuật, kĩ năng sống&hellip;</p>\r\n\r\n	<p>Tạp ch&iacute; C&ocirc;ng ch&uacute;a số 114 ph&aacute;t h&agrave;nh th&aacute;ng 10/2016 sẽ mang đến cho c&aacute;c c&ocirc;ng ch&uacute;a nhỏ những b&agrave;i viết hấp dẫn:</p>\r\n\r\n	<p>C&ugrave;ng s&aacute;ng t&aacute;c b&agrave;i thơ tiếng Anh nho nhỏ tặng mẹ, tặng b&agrave; nh&acirc;n ng&agrave;y Phụ nữ Việt Nam 20/10!</p>\r\n\r\n	<p>Những cuốn s&aacute;ch hay v&agrave; cảm động về t&igrave;nh mẹ.</p>\r\n\r\n	<p>Gợi &yacute; l&agrave;m một tấm thiệp hoa xinh xắn d&agrave;nh tặng người phụ nữ em y&ecirc;u nhất!</p>\r\n\r\n	<p>T&igrave;m hiểu lo&agrave;i rắn tuy chẳng c&oacute; ch&acirc;n m&agrave; di chuyển si&ecirc;u nhanh!</p>\r\n\r\n	<p>Kh&aacute;m ph&aacute; những chuyện th&uacute; vị về tr&aacute;i dưa hấu ngọt m&aacute;t.</p>\r\n\r\n	<p>C&aacute;c cuộc thi vẽ tranh, giải &ocirc; chữ với phần thưởng hấp dẫn.</p>\r\n\r\n	<p>Nhiều tr&ograve; chơi, truyện tranh hấp dẫn kh&aacute;c về c&aacute;c n&agrave;ng c&ocirc;ng ch&uacute;a Disney em y&ecirc;u mến!</p>\r\n\r\n	<p>* Gi&aacute; sản phẩm tr&ecirc;n Tiki đ&atilde; bao gồm thuế theo luật hiện h&agrave;nh. Tuy nhi&ecirc;n tuỳ v&agrave;o từng loại sản phẩm hoặc phương thức, địa chỉ giao h&agrave;ng m&agrave; c&oacute; thể ph&aacute;t sinh th&ecirc;m chi ph&iacute; kh&aacute;c như ph&iacute; vận chuyển, phụ ph&iacute; h&agrave;ng cồng kềnh, ..</p>\r\n	</li>\r\n</ul>\r\n', 15, 0, 20900, 0, '', 5, '2019-07-16', 0),
(70, 'Tạp Chí Bác Học Nhí - Số 91', '20191121083700tt3.jpg', '', '<ul>\r\n	<li>\r\n	<h3>TH&Ocirc;NG TIN CHI TIẾT</h3>\r\n\r\n	<table cellspacing=\"0\" style=\"width:880px\">\r\n		<tbody>\r\n			<tr>\r\n				<td style=\"vertical-align:top\">C&ocirc;ng ty ph&aacute;t h&agrave;nh</td>\r\n				<td style=\"vertical-align:top\"><a href=\"http://tiki.vn/cty-sach/nxb-kim-dong.html?_lc=Vk4wMzQwMjUwMDU%3D\" style=\"box-sizing: border-box; background-color: transparent; text-decoration-line: none; color: rgb(0, 127, 240);\">NXB Kim Đồng</a></td>\r\n			</tr>\r\n			<tr>\r\n				<td style=\"vertical-align:top\">T&aacute;c giả</td>\r\n				<td style=\"vertical-align:top\">Disney</td>\r\n			</tr>\r\n			<tr>\r\n				<td style=\"vertical-align:top\">SKU</td>\r\n				<td style=\"vertical-align:top\">1817716939840</td>\r\n			</tr>\r\n		</tbody>\r\n	</table>\r\n\r\n	<h3>GIỚI THIỆU S&Aacute;CH</h3>\r\n\r\n	<p>Tạp ch&iacute; B&aacute;c Học Nh&iacute; ph&aacute;t h&agrave;nh định k&igrave; hằng th&aacute;ng d&agrave;nh cho c&aacute;c độc giả Tiểu học với phần h&igrave;nh ảnh được mua bản quyền từ Disney, c&ugrave;ng nhiều nội dung hấp dẫn kh&aacute;c để độc giả nh&iacute; vừa đọc, vừa chơi, vừa học.</p>\r\n\r\n	<p>Tạp ch&iacute; B&aacute;c Học Nh&iacute; số 91 ph&aacute;t h&agrave;nh th&aacute;ng 11/2019 c&ugrave;ng độc giả nhỏ bước v&agrave;o th&aacute;ng 11 với chuy&ecirc;n đề SỨC MẠNH CỦA NHỎ B&Eacute; v&agrave; Ch&uacute;c mừng ng&agrave;y Nh&agrave; gi&aacute;o Việt Nam 20/11:</p>\r\n\r\n	<p>TRUYỆN TRANH: Gặp gỡ b&eacute; bự tinh nghịch của Cặp c&uacute;n dễ thương.</p>\r\n\r\n	<p>TỪ ĐIỂN L&Oacute;C C&Oacute;C - TUỔI NHỎ T&Ecirc;N Y&Ecirc;U: Học c&aacute;ch gọi t&ecirc;n con non của c&aacute;c lo&agrave;i vật trong tiếng Anh.</p>\r\n\r\n	<p>KH&Aacute;M PH&Aacute; &ndash; SỨC MẠNH CỦA TRẺ THƠ: Trẻ con c&oacute; những năng lực đặc biệt, m&agrave; chưa chắc người lớn đ&atilde; c&oacute; được. Mời bạn kh&aacute;m ph&aacute; nh&eacute;!</p>\r\n\r\n	<p>LỚP HỌC RỪNG XANH &ndash; B&Eacute; BỰ TỰ NHI&Ecirc;N: Nhiều &ldquo;cư d&acirc;n Tr&aacute;i Đất&rdquo; từ khi lọt l&ograve;ng đ&atilde; được thi&ecirc;n nhi&ecirc;n &ldquo;ban tặng&rdquo; th&acirc;n h&igrave;nh cao lớn, lại c&ograve;n lớn nhanh như thổi. Bạn c&oacute; biết ch&uacute;ng l&agrave; ai kh&ocirc;ng?</p>\r\n\r\n	<p>TRIỂN L&Atilde;M NH&Iacute;: Những bức tranh ch&acirc;n dung thầy c&ocirc; đẹp nhất do độc giả gửi về.</p>\r\n\r\n	<p>G&Oacute;C S&Aacute;NG T&Aacute;C: Những b&agrave;i thơ tuyệt hay d&agrave;nh tặng thầy c&ocirc; gi&aacute;o của độc giả.</p>\r\n\r\n	<p>S&Aacute;NG CHẾ Đ&Oacute; Đ&Acirc;Y: R&ocirc; bốt leo b&aacute;m, M&aacute;y ủi th&ocirc;ng minh&hellip; v&agrave; c&aacute;c s&aacute;ng chế th&uacute; vị.</p>\r\n\r\n	<p>Gặp gỡ c&aacute;c nh&acirc;n vật hoạt h&igrave;nh trong phim Dumbo &ndash; Ch&uacute; vui biết bay, Mickey, C&aacute;c bạn c&uacute;n con&hellip; qua c&aacute;c tr&ograve; đố vui, truyện đọc!</p>\r\n\r\n	<p>* Gi&aacute; sản phẩm tr&ecirc;n Tiki đ&atilde; bao gồm thuế theo luật hiện h&agrave;nh. Tuy nhi&ecirc;n tuỳ v&agrave;o từng loại sản phẩm hoặc phương thức, địa chỉ giao h&agrave;ng m&agrave; c&oacute; thể ph&aacute;t sinh th&ecirc;m chi ph&iacute; kh&aacute;c như ph&iacute; vận chuyển, phụ ph&iacute; h&agrave;ng cồng kềnh, ..</p>\r\n\r\n	<p>&nbsp;</p>\r\n	</li>\r\n</ul>\r\n', 32, 0, 20900, 30, '', 5, '2019-07-16', 0),
(71, 'Tạp Chí Ô Tô - Số 112', '20191121083615tt2.jpg', '', '<ul>\r\n	<li>\r\n	<h3>TH&Ocirc;NG TIN CHI TIẾT</h3>\r\n\r\n	<table cellspacing=\"0\" style=\"width:880px\">\r\n		<tbody>\r\n			<tr>\r\n				<td style=\"vertical-align:top\">C&ocirc;ng ty ph&aacute;t h&agrave;nh</td>\r\n				<td style=\"vertical-align:top\"><a href=\"http://tiki.vn/cty-sach/nxb-kim-dong.html?_lc=Vk4wMzQwMjUwMDU%3D\" style=\"box-sizing: border-box; background-color: transparent; text-decoration-line: none; color: rgb(0, 127, 240);\">NXB Kim Đồng</a></td>\r\n			</tr>\r\n			<tr>\r\n				<td style=\"vertical-align:top\">T&aacute;c giả</td>\r\n				<td style=\"vertical-align:top\">Disney</td>\r\n			</tr>\r\n			<tr>\r\n				<td style=\"vertical-align:top\">SKU</td>\r\n				<td style=\"vertical-align:top\">2872879101182</td>\r\n			</tr>\r\n		</tbody>\r\n	</table>\r\n\r\n	<h3>GIỚI THIỆU S&Aacute;CH</h3>\r\n\r\n	<p>Tạp ch&iacute; Thế giới &Ocirc; t&ocirc; ph&aacute;t h&agrave;nh định k&igrave; hằng th&aacute;ng d&agrave;nh cho c&aacute;c bạn nam độ tuổi Tiểu học, với phần h&igrave;nh ảnh được mua bản quyền từ Disney, c&ugrave;ng nhiều nội dung khoa học, nghệ thuật, thể thao, giải tr&iacute;, kĩ năng sống, tin tức học đường&hellip; gi&uacute;p bạn đọc nhỏ tuổi vừa học vừa chơi.</p>\r\n\r\n	<p>Số 112 ph&aacute;t h&agrave;nh th&aacute;ng 11/2019 c&oacute; 52 trang nội dung với c&aacute;c tin b&agrave;i nổi bật như:</p>\r\n\r\n	<p>Tin tức từ những s&aacute;ng chế th&uacute; vị: R&ocirc; bốt gi&aacute;n, Ch&uacute; khuyển r&ocirc; bốt, R&ocirc; bốt Olympic&hellip;</p>\r\n\r\n	<p>T&igrave;m hiểu những ng&agrave;y lễ d&agrave;nh cho thầy c&ocirc; khắp thế giới.</p>\r\n\r\n	<p>Kh&aacute;m ph&aacute; h&agrave;nh tr&igrave;nh ra đời của chiếc bảng lớp.</p>\r\n\r\n	<p>Những b&agrave;i thơ do độc giả nh&iacute; s&aacute;ng t&aacute;c tặng thầy c&ocirc;.</p>\r\n\r\n	<p>Hướng dẫn l&agrave;m Tranh gh&eacute;p từ Que kem.</p>\r\n\r\n	<p>&ldquo;Tham quan&rdquo; đất nước M&ocirc;ng Cổ.</p>\r\n\r\n	<p>Giả đố &Ocirc; chữ th&aacute;ng 11.</p>\r\n\r\n	<p>C&aacute;c cuộc thi vẽ tranh, giải đố, với phần thưởng hấp dẫn.</p>\r\n\r\n	<p>Gặp gỡ c&aacute;c nh&acirc;n vật hoạt h&igrave;nh trong phim Cars!</p>\r\n\r\n	<p>* Gi&aacute; sản phẩm tr&ecirc;n Tiki đ&atilde; bao gồm thuế theo luật hiện h&agrave;nh. Tuy nhi&ecirc;n tuỳ v&agrave;o từng loại sản phẩm hoặc phương thức, địa chỉ giao h&agrave;ng m&agrave; c&oacute; thể ph&aacute;t sinh th&ecirc;m chi ph&iacute; kh&aacute;c như ph&iacute; vận chuyển, phụ ph&iacute; h&agrave;ng cồng kềnh, ..</p>\r\n\r\n	<p>&nbsp;</p>\r\n	</li>\r\n</ul>\r\n', 28, 0, 20900, 0, '', 5, '2019-07-16', 0),
(72, 'POMath - Toán Tư Duy Cho Trẻ Em 4-6 Tuổi', '20191121083516tt1.jpg', '', '<ul>\r\n	<li>\r\n	<h3>TH&Ocirc;NG TIN CHI TIẾT</h3>\r\n\r\n	<table cellspacing=\"0\" style=\"width:880px\">\r\n		<tbody>\r\n			<tr>\r\n				<td style=\"vertical-align:top\">T&aacute;c giả</td>\r\n				<td style=\"vertical-align:top\">PGS.TS Chu Cẩm Thơ (Chủ bi&ecirc;n)</td>\r\n			</tr>\r\n			<tr>\r\n				<td style=\"vertical-align:top\">Loại b&igrave;a</td>\r\n				<td style=\"vertical-align:top\">B&igrave;a mềm</td>\r\n			</tr>\r\n			<tr>\r\n				<td style=\"vertical-align:top\">SKU</td>\r\n				<td style=\"vertical-align:top\">3430473809065</td>\r\n			</tr>\r\n		</tbody>\r\n	</table>\r\n\r\n	<h3>GIỚI THIỆU S&Aacute;CH</h3>\r\n\r\n	<p>POMath - To&aacute;n Tư Duy Cho Trẻ Em 4-6 Tuổi (Tập 3)</p>\r\n\r\n	<p><img alt=\"POMath - Toán Tư Duy Cho Trẻ Em 4-6 Tuổi (Tập 1)\" src=\"https://salt.tikicdn.com/ts/tmp/d7/60/63/b1de27f9b28efce59a1dec963eeb5e7f.jpg\" style=\"border:0px; box-sizing:border-box; display:block; height:auto; margin-left:auto; margin-right:auto; max-width:100%; vertical-align:middle; width:750px\" /></p>\r\n\r\n	<p>C&aacute;c bậc phụ huynh v&agrave; c&aacute;c b&eacute; h&atilde;y c&ugrave;ng ch&uacute;ng t&ocirc;i điểm qua những ưu điểm tuyệt vời của cuốn s&aacute;ch POMATH tập 3 nh&eacute;:</p>\r\n\r\n	<p>GI&Uacute;P B&Eacute; LÀM QUEN VỚI QUAN H&Ecirc;̣ THỨ TỰ, SO SÁNH TH&Ocirc;NG QUA:&nbsp;</p>\r\n\r\n	<p>- Tăng cường c&aacute;c hoạt động chia nh&oacute;m, gh&eacute;p nh&oacute;m, đếm tương ứng. Giới thiệu dấu &gt;, &lt;, =.</p>\r\n\r\n	<p>- Mở rộng c&aacute;c ph&eacute;p to&aacute;n cộng trừ phạm vi 5.</p>\r\n\r\n	<p>- Giới thiệu h&igrave;nh chữ nhật, h&igrave;nh thang.</p>\r\n\r\n	<p>- C&aacute;c hoạt động tr&ograve; chơi củng cố kiến thức v&agrave; ph&aacute;t triển khả nă</p>\r\n	</li>\r\n</ul>\r\n', 31, 0, 99000, 0, '', 5, '2019-07-16', 0),
(78, 'Lets Go 2 SB 3Ed', '20191121082314nn4.jpg', 'Đỏ', '<ul>\r\n	<li>\r\n	<table cellspacing=\"0\" style=\"width:880px\">\r\n		<tbody>\r\n			<tr>\r\n				<td style=\"vertical-align:top\">C&ocirc;ng ty ph&aacute;t h&agrave;nh</td>\r\n				<td style=\"vertical-align:top\"><a href=\"http://tiki.vn/cty-sach/oxford-university-press-uk.html?_lc=Vk4wMzQwMjUwMDU%3D\" style=\"box-sizing: border-box; background-color: transparent; text-decoration-line: none; color: rgb(0, 127, 240);\">Oxford University Press UK</a></td>\r\n			</tr>\r\n			<tr>\r\n				<td style=\"vertical-align:top\">T&aacute;c giả</td>\r\n				<td style=\"vertical-align:top\">Ritsuko Nakata, Karen Frazier, Barbara Hoskins, Carolyn Graham</td>\r\n			</tr>\r\n			<tr>\r\n				<td style=\"vertical-align:top\">ISBN-13</td>\r\n				<td style=\"vertical-align:top\">9780194394260</td>\r\n			</tr>\r\n			<tr>\r\n				<td style=\"vertical-align:top\">SKU</td>\r\n				<td style=\"vertical-align:top\">3786733482333</td>\r\n			</tr>\r\n		</tbody>\r\n	</table>\r\n\r\n	<h3>GIỚI THIỆU S&Aacute;CH</h3>\r\n\r\n	<p>Bigger, brighter and better than ever, Let&#39;s Go, 3rd Edition, is a series for children who are just beginning their study of English. It combines a carefully controlled, grammar-based syllabus with practical language. Functional dialogues, interactive games, and pair work activities foster a lively and motivating classroom environment.</p>\r\n\r\n	<p>* Gi&aacute; sản phẩm tr&ecirc;n Tiki đ&atilde; bao gồm thuế theo luật hiện h&agrave;nh. Tuy nhi&ecirc;n tuỳ v&agrave;o từng loại sản phẩm hoặc phương thức, địa chỉ giao h&agrave;ng m&agrave; c&oacute; thể ph&aacute;t sinh th&ecirc;m chi ph&iacute; kh&aacute;c như ph&iacute; vận chuyển, phụ ph&iacute; h&agrave;ng cồng kềnh, ..</p>\r\n	</li>\r\n</ul>\r\n', 34, 0, 133000, 0, '', 6, '2019-07-16', 0),
(79, 'Skillful Foundation Level ', '20191121082206nn3.jpg', '', '<ul>\r\n	<li>\r\n	<p>Skillful Foundation Level Listening &amp; Speaking Student&#39;s Book &amp; DSB Pack</p>\r\n\r\n	<p>Every student needs top class reading, writing, listening and speaking skills to succeed at an academic level. Skillful focuses on each of these skills to give presentation, instant practice and complete immersion in that area of language. It offers students the opportunity to develop language skills by presenting them with ideas from today&#39;s world, while building critical thinking skills that are vital for academic success.</p>\r\n\r\n	<p>The course takes a skills-based approach with each unit distinguishing between and global and close skills. The nature of each unit encourages students to think about the world around them, creating exciting and engaging learning material. The skills boxes that appear throughout the books signal the topic focus to the teacher, while providing the students with relevant tips, words and phrases. The study skills focus develops this further, providing students with practical guidance and support, and building confidence for independent learning throughout their university career.&nbsp;</p>\r\n	</li>\r\n	<li>\r\n	<p>&nbsp;</p>\r\n	</li>\r\n</ul>\r\n', 35, 0, 220000, 0, '', 6, '2019-07-16', 0),
(81, 'Solutions: Elementary: Workbook', '20191121081805nn2.jpg', '', '<ul>\r\n	<li>\r\n	<h3>TH&Ocirc;NG TIN CHI TIẾT</h3>\r\n\r\n	<table cellspacing=\"0\" style=\"width:880px\">\r\n		<tbody>\r\n			<tr>\r\n				<td style=\"vertical-align:top\">C&ocirc;ng ty ph&aacute;t h&agrave;nh</td>\r\n				<td style=\"vertical-align:top\"><a href=\"http://tiki.vn/cty-sach/oup-oxford.html?_lc=Vk4wMzQwMjUwMDU%3D\" style=\"box-sizing: border-box; background-color: transparent; text-decoration-line: none; color: rgb(0, 127, 240);\">OUP Oxford</a></td>\r\n			</tr>\r\n			<tr>\r\n				<td style=\"vertical-align:top\">T&aacute;c giả</td>\r\n				<td style=\"vertical-align:top\">Falla, Tim / Davies, Paul A.</td>\r\n			</tr>\r\n			<tr>\r\n				<td style=\"vertical-align:top\">ISBN-13</td>\r\n				<td style=\"vertical-align:top\">9780194561860</td>\r\n			</tr>\r\n			<tr>\r\n				<td style=\"vertical-align:top\">SKU</td>\r\n				<td style=\"vertical-align:top\">7351946611168</td>\r\n			</tr>\r\n		</tbody>\r\n	</table>\r\n\r\n	<h3>GIỚI THIỆU S&Aacute;CH</h3>\r\n\r\n	<p>Solutions: Elementary: Workbook</p>\r\n\r\n	<p>With 100% new content, the third edition of Oxford&#39;s best-selling secondary course offers the tried and trusted Solutions methodology alongside fresh and diverse material that will spark your students&#39; interest and drive them to succeed.</p>\r\n	</li>\r\n</ul>\r\n\r\n<p>&nbsp;</p>\r\n\r\n<p>&nbsp;</p>\r\n', 12, 0, 264000, 0, '', 6, '2019-07-16', 0),
(82, 'Next Move 6 SB PK', '20191121081709nn1.jpg', '', '<ul>\r\n	<li>\r\n	<h3>TH&Ocirc;NG TIN CHI TIẾT</h3>\r\n\r\n	<table cellspacing=\"0\" style=\"width:880px\">\r\n		<tbody>\r\n			<tr>\r\n				<td style=\"vertical-align:top\">C&ocirc;ng ty ph&aacute;t h&agrave;nh</td>\r\n				<td style=\"vertical-align:top\"><a href=\"http://tiki.vn/cty-sach/macmillan.html?_lc=Vk4wMzQwMjUwMDU%3D\" style=\"box-sizing: border-box; background-color: transparent; text-decoration-line: none; color: rgb(0, 127, 240);\">Macmillan</a></td>\r\n			</tr>\r\n			<tr>\r\n				<td style=\"vertical-align:top\">T&aacute;c giả</td>\r\n				<td style=\"vertical-align:top\">Viv Lambert</td>\r\n			</tr>\r\n			<tr>\r\n				<td style=\"vertical-align:top\">ISBN-13</td>\r\n				<td style=\"vertical-align:top\">9780230444447</td>\r\n			</tr>\r\n			<tr>\r\n				<td style=\"vertical-align:top\">SKU</td>\r\n				<td style=\"vertical-align:top\">7545034410232</td>\r\n			</tr>\r\n		</tbody>\r\n	</table>\r\n\r\n	<h3>GIỚI THIỆU S&Aacute;CH</h3>\r\n\r\n	<p>Next Move is an innovative, seven-level print and digital series in American English. This exciting new edition of Next Stop, will build on Next Stop&#39;s strong concept that has proved so popular with all our key markets. The learning journey coincides with the cultural journey as children progress to a better understanding of themselves, their culture and the world in which they live. Next Move will continue to welcome the children aboard a language-learning and cultural journey to build not only their language awareness, but also their cross-cultural awareness. Thorough language work is applied in a variety of content-rich contexts. The new series offers both print and digital components for students and teachers. The printed materials are complemented by an interactive phonics program, sing-a-long versions of songs, projectable posters, animated grammar presentations and a test builder. Next Move USPs include: 1 Strong, clear, relevant concept developing cross-cultural links 2 Brand new Starter level to increase flexibility for market needs 3 Student&#39;s DVD-ROM featuring video and complementary interactivities and an enhanced parent&#39;s area 4 Interactive Classroom DVD for teachers including video, phonics animations and grammar chants</p>\r\n	</li>\r\n</ul>\r\n\r\n<p>&nbsp;</p>\r\n', 15, 0, 158000, 0, '', 6, '2019-07-16', 0),
(110, 'Mây Trắng Bay Qua Bục Giảng', '20191121080553vh5.jpg', '', '<h3>TH&Ocirc;NG TIN CHI TIẾT</h3>\r\n\r\n<table cellspacing=\"0\" style=\"width:880px\">\r\n	<tbody>\r\n		<tr>\r\n			<td style=\"vertical-align:top\">C&ocirc;ng ty ph&aacute;t h&agrave;nh</td>\r\n			<td style=\"vertical-align:top\"><a href=\"http://tiki.vn/cty-sach/cong-ty-co-phan-van-hoa-huyen-duc.html?_lc=Vk4wMzQwMjUwMDU%3D\" style=\"box-sizing: border-box; background-color: transparent; text-decoration-line: none; color: rgb(0, 127, 240);\">C&ocirc;ng Ty Cổ Phần Văn H&oacute;a Huyền Đức</a></td>\r\n		</tr>\r\n		<tr>\r\n			<td style=\"vertical-align:top\">T&aacute;c giả</td>\r\n			<td style=\"vertical-align:top\">Nhiều T&aacute;c Giả</td>\r\n		</tr>\r\n		<tr>\r\n			<td style=\"vertical-align:top\">Ng&agrave;y xuất bản</td>\r\n			<td style=\"vertical-align:top\">11-2019</td>\r\n		</tr>\r\n		<tr>\r\n			<td style=\"vertical-align:top\">K&iacute;ch thước</td>\r\n			<td style=\"vertical-align:top\">14.5 x 20.5 cm</td>\r\n		</tr>\r\n		<tr>\r\n			<td style=\"vertical-align:top\">Nh&agrave; xuất bản</td>\r\n			<td style=\"vertical-align:top\">Nh&agrave; Xuất Bản Văn H&oacute;a - Văn Nghệ</td>\r\n		</tr>\r\n		<tr>\r\n			<td style=\"vertical-align:top\">Loại b&igrave;a</td>\r\n			<td style=\"vertical-align:top\">B&igrave;a mềm</td>\r\n		</tr>\r\n		<tr>\r\n			<td style=\"vertical-align:top\">Số trang</td>\r\n			<td style=\"vertical-align:top\">210</td>\r\n		</tr>\r\n		<tr>\r\n			<td style=\"vertical-align:top\">SKU</td>\r\n			<td style=\"vertical-align:top\">2564839030723</td>\r\n		</tr>\r\n	</tbody>\r\n</table>\r\n\r\n<h3>GIỚI THIỆU S&Aacute;CH</h3>\r\n\r\n<p>M&acirc;y Trắng Bay Qua Bục Giảng<br />\r\nNghề gi&aacute;o, trong mắt nhiều người, đ&oacute; l&agrave; nghề cao qu&yacute; v&agrave; tương đối nh&agrave;n hạ. Tuy nhi&ecirc;n, c&oacute; đặt m&igrave;nh v&agrave;o vị tr&iacute; của c&aacute;c thầy, c&ocirc; gi&aacute;o, ch&uacute;ng ta mới c&oacute; thể hiểu được những vất vả, ưu tư v&agrave; những mong muốn của họ d&agrave;nh cho những lớp học tr&ograve;. M&acirc;y trắng bay qua bục giảng l&agrave; tập hợp 27 c&acirc;u chuyện đến từ 27 người thầy, c&ocirc; gi&aacute;o, đồng thời, họ cũng l&agrave; những t&aacute;c giả viết văn, l&agrave;m thơ. 27 c&acirc;u chuyện, hay n&oacute;i đ&uacute;ng hơn l&agrave; 27 sự trải l&ograve;ng của những người gi&aacute;o vi&ecirc;n cũng như t&acirc;m huyết của họ đối với nghề.<br />\r\nVới Nguyễn Nhật &Aacute;nh, d&ugrave; qu&atilde;ng thời gian đi dạy của &ocirc;ng kh&aacute; ngắn ngủi, chỉ 2 năm, nhưng 2 năm ấy c&oacute; qu&aacute; nhiều điều để nhớ. Ch&iacute;nh k&yacute; ức trong khoảng thời gian dạy học ở trường B&igrave;nh T&acirc;y m&agrave; t&aacute;c phẩm B&agrave;n c&oacute; năm chỗ ngồi của &ocirc;ng được th&agrave;nh h&igrave;nh. Với Nhật Chi&ecirc;u, những năm th&aacute;ng miệt m&agrave;i tr&ecirc;n giảng đường l&agrave; h&agrave;nh tr&igrave;nh t&igrave;m t&ograve;i kh&ocirc;ng ngưng nghỉ với khao kh&aacute;t mang lại nhiều bộ m&ocirc;n mới v&agrave; cần thiết cho sinh vi&ecirc;n cũng như nền học thuật nước nh&agrave;. V&agrave; được giới thiệu những t&aacute;c phẩm văn học mới đến với độc giả Việt Nam l&agrave; niềm vui của thầy Nhật Chi&ecirc;u. C&ograve;n với Huỳnh Như Phương, &ldquo;Nghề dạy học l&agrave; một nghề khi&ecirc;m tốn&rdquo;, v&igrave; kiến thức m&igrave;nh truyền dạy cho học tr&ograve; kh&ocirc;ng phải của một m&igrave;nh m&igrave;nh, m&agrave; n&oacute; l&agrave; sự tổng hợp tri kiến của nh&acirc;n loại, của những người đi trước m&igrave;nh. V&agrave; sự thận trọng khi truyền đạt kiến thức cho học tr&ograve; l&agrave; hết sức cần thiết, người giảng vi&ecirc;n phải gạn lọc kỹ c&agrave;ng, đ&acirc;u l&agrave; điều đ&uacute;ng, đ&acirc;u l&agrave; điều cần n&oacute;i. C&ograve;n đối với L&ecirc; Minh Kh&ocirc;i, gắn b&oacute; với bục giảng cho đến khi n&agrave;o kh&ocirc;ng c&ograve;n c&oacute; thể nữa đ&atilde; trở th&agrave;nh &ldquo;lời hứa t&acirc;m linh&rdquo; của &ocirc;ng đối với người giảng vi&ecirc;n qu&aacute; cố của m&igrave;nh.<br />\r\nĐ&oacute; l&agrave; v&agrave;i c&acirc;u chuyện nghề v&agrave; chuyện đời ti&ecirc;u biểu trong số 27 c&acirc;u chuyện của M&acirc;y trắng bay qua bục giảng. T&aacute;c phẩm như l&agrave; lời bộc bạch th&acirc;n t&igrave;nh của mỗi thầy, c&ocirc; gi&aacute;o, đồng thời, cũng một lần trao cơ hội cho những ai đ&atilde; từng l&agrave; học tr&ograve;, thấu hiểu v&agrave; cảm th&ocirc;ng hơn đối với những người thầy, c&ocirc; gi&aacute;o của m&igrave;nh.</p>\r\n\r\n<p>&nbsp;</p>\r\n\r\n<p>&nbsp;</p>\r\n\r\n<p>&nbsp;</p>\r\n', 13, 0, 70400, 10, 'Kẹp sách', 3, '2019-07-24', 0),
(111, 'Sài Gòn Chuyện Tập Tàng Nghề Chơi Lãng Dãng', '20191121080458vh4.jpg', '', '<h3>TH&Ocirc;NG TIN CHI TIẾT</h3>\r\n\r\n<table cellspacing=\"0\" style=\"width:880px\">\r\n	<tbody>\r\n		<tr>\r\n			<td style=\"vertical-align:top\">C&ocirc;ng ty ph&aacute;t h&agrave;nh</td>\r\n			<td style=\"vertical-align:top\"><a href=\"http://tiki.vn/cty-sach/cong-ty-co-phan-van-hoa-huyen-duc.html?_lc=Vk4wMzQwMjUwMDU%3D\" style=\"box-sizing: border-box; background-color: transparent; text-decoration-line: none; color: rgb(0, 127, 240);\">C&ocirc;ng Ty Cổ Phần Văn H&oacute;a Huyền Đức</a></td>\r\n		</tr>\r\n		<tr>\r\n			<td style=\"vertical-align:top\">T&aacute;c giả</td>\r\n			<td style=\"vertical-align:top\">L&ecirc; Lade</td>\r\n		</tr>\r\n		<tr>\r\n			<td style=\"vertical-align:top\">Ng&agrave;y xuất bản</td>\r\n			<td style=\"vertical-align:top\">11-2019</td>\r\n		</tr>\r\n		<tr>\r\n			<td style=\"vertical-align:top\">K&iacute;ch thước</td>\r\n			<td style=\"vertical-align:top\">14.5 x 20.5 cm</td>\r\n		</tr>\r\n		<tr>\r\n			<td style=\"vertical-align:top\">Nh&agrave; xuất bản</td>\r\n			<td style=\"vertical-align:top\">Nh&agrave; Xuất Bản Văn H&oacute;a - Văn Nghệ</td>\r\n		</tr>\r\n		<tr>\r\n			<td style=\"vertical-align:top\">Loại b&igrave;a</td>\r\n			<td style=\"vertical-align:top\">B&igrave;a mềm</td>\r\n		</tr>\r\n		<tr>\r\n			<td style=\"vertical-align:top\">Số trang</td>\r\n			<td style=\"vertical-align:top\">172</td>\r\n		</tr>\r\n		<tr>\r\n			<td style=\"vertical-align:top\">SKU</td>\r\n			<td style=\"vertical-align:top\">5667480257246</td>\r\n		</tr>\r\n	</tbody>\r\n</table>\r\n\r\n<h3>GIỚI THIỆU S&Aacute;CH</h3>\r\n\r\n<p>S&agrave;i G&ograve;n Chuyện Tập T&agrave;ng Nghề Chơi L&atilde;ng D&atilde;ng<br />\r\nTiếp nối hai tập trước của S&agrave;i G&ograve;n chuyện tập t&agrave;ng, tập Nghề chơi l&atilde;ng đ&atilde;ng của L&ecirc; Lade vẫn tiếp tục giọng văn b&igrave;nh d&acirc;n, vẫn &ldquo;l&atilde;ng đ&atilde;ng&rdquo; khắp S&agrave;i G&ograve;n v&agrave; g&oacute;p nhặt những c&acirc;u chuyện về đất v&agrave; người S&agrave;i G&ograve;n - Gia Định. Nhưng lần n&agrave;y, Nghề chơi l&atilde;ng đ&atilde;ng sẽ đưa qu&yacute; độc giả tiếp cận với d&acirc;n chơi S&agrave;i G&ograve;n v&agrave; t&igrave;m hiểu về những nghề chơi của họ.<br />\r\nBắt đầu với d&acirc;n chơi ph&oacute; nh&aacute;y, d&acirc;n chơi nghệ sĩ, đến d&acirc;n chơi t&agrave;i tử, d&acirc;n chơi s&agrave;nh điệu v&agrave; d&acirc;n chơi bồng bềnh, d&acirc;n chơi thăng bằng; mỗi d&acirc;n chơi c&oacute; cho m&igrave;nh kiểu chơi, chỗ chơi v&agrave; c&aacute;ch thức chơi ri&ecirc;ng nhưng c&oacute; một điểm chung l&agrave; đều th&uacute; vị. Tất cả những nghề chơi ấy ch&uacute;ng ta đều biết đến hoặc c&oacute; thể đ&atilde; từng nghe qua, nhưng c&aacute;i th&uacute; vị m&agrave; t&aacute;c giả mang đến đ&oacute; l&agrave; việc thuật lại, trong tầm hiểu biết của m&igrave;nh, c&aacute;c nghề chơi đ&atilde; từng bắt đầu, diễn biến v&agrave; ph&aacute;t triển như thế n&agrave;o, từ qu&aacute; khứ cho đến h&ocirc;m nay, song song đ&oacute; l&agrave; việc kết hợp nghề chơi với những c&acirc;u chuyện kể m&agrave; ch&iacute;nh t&aacute;c giả hoặc bạn b&egrave; xung quanh được tự bản th&acirc;n m&igrave;nh trải nghiệm.<br />\r\nĐọc S&agrave;i G&ograve;n chuyện tập t&agrave;ng, tập Nghề chơi l&atilde;ng đ&atilde;ng, độc giả c&oacute; thể c&oacute; những ph&uacute;t gi&acirc;y ho&agrave;i niệm qu&aacute; khứ, nhớ lại bản th&acirc;n đ&atilde; từng l&agrave; một &ldquo;d&acirc;n chơi&rdquo; như thế n&agrave;o hay mường tượng được những người xung quanh m&igrave;nh trong qu&aacute; khứ đ&atilde; c&oacute; những th&uacute; vui g&igrave;. Đối với bạn đọc trẻ, chưa từng c&oacute; cơ hội được trải nghiệm những th&uacute; chơi ấy như cha, anh của m&igrave;nh th&igrave; t&aacute;c phẩm cũng phần n&agrave;o cung cấp những th&ocirc;ng tin về c&aacute;c nghề chơi để thế hệ h&ocirc;m nay hiểu r&otilde; hơn thế hệ trước của m&igrave;nh v&agrave; nguồn gốc những nghề chơi ng&agrave;y nay m&igrave;nh đang thụ hưởng.</p>\r\n\r\n<p>&nbsp;</p>\r\n\r\n<p>&nbsp;</p>\r\n\r\n<p>&nbsp;</p>\r\n\r\n<p>&nbsp;</p>\r\n', 14, 1, 70400, 30, '', 3, '2019-07-24', 0),
(112, 'Áo Trắng 2019 - Trường Tôi Ngày Nay', '20191121080402vh3.jpg', 'Xanh Navy', '<p>&Aacute;O TRẮNG Số 10. 2019 (Ph&aacute;t h&agrave;nh ng&agrave;y 15. 11. 2019)<br />\r\nTRƯỜNG T&Ocirc;I NG&Agrave;Y NAY&nbsp;<br />\r\nVĂN:<br />\r\nAn, Ho&agrave;i Sang, Huỳnh Hải &Acirc;u, Lưu Huy&ecirc;n, Th&ugrave;y Như, L&ecirc; Thị Cẩm T&uacute;, Diệp Linh, Phạm Thị Mỹ Li&ecirc;n, T&acirc;m Huỳnh, Nguyễn Ch&iacute; Ngoan, Ngũ Thanh Tuyển, Phan Xu&acirc;n Hậu, Nguyễn Th&ugrave;y Y&ecirc;n Thảo.<br />\r\nTHƠ:<br />\r\nĐặng Quốc Ho&agrave;ng, Nguyễn Thị &Aacute;nh Tuyết, Hương Tr&agrave;m, Dương Văn Mưu, Đặng Tuyết, Hồ Hiếu Thảo, Huỳnh Duy Lộc, Nguyễn C&ocirc;ng Bằng, Nghi&ecirc;m Quốc Thanh, Nguyễn Quốc Hưng, Ng&ocirc; H&agrave; Phương, Ng&ocirc; Thế L&acirc;m, Nguyễn Loan, Nguyễn Hải Thảo, Qu&aacute;ch Minh Ph&aacute;t, Nguyễn Xu&acirc;n Cảm, Tạ Hương Nhuận, Trần Hoan, Trương C&ocirc;ng Tưởng, Trần Đức T&iacute;n.<br />\r\nTHƠ LỤC B&Aacute;T DỰ THI:<br />\r\nL&acirc;m Bằng, Trần Văn Nh&acirc;n, B&iacute;ch Hường, Phạm Hồng Diễm Quy&ecirc;n, Mễ Mễ, Nguyễn Văn Song, Nguy&ecirc;n Như, Nguyễn Thị Mai Tr&acirc;m, Trần Xu&acirc;n Thụy, Th&iacute;ch T&acirc;m An, Trương Anh T&uacute;, Tịnh B&igrave;nh, Nguyễn Duy Vinh, L&ecirc; Thị Điểm, L&ecirc; Đ&igrave;nh Huy, B&ugrave;i Việt Phương, Lạc Nhi&ecirc;n, Đo&agrave;n Thị Diễm Thuy&ecirc;n, Đan Th&ugrave;y, B&ugrave;i Quang Đẩu, Nguyễn B&aacute; H&ograve;a, Đinh Hạ, Trần Văn Nghĩa, Lưu Tuyết Minh, Vũ Tuyết Nhung, Vũ Thị Thanh H&ograve;a, Vũ Hải Đường, L&ecirc; &Acirc;n, L&ecirc; thị Xu&acirc;n Hương.</p>\r\n\r\n<p>&nbsp;</p>\r\n\r\n<p>&nbsp;</p>\r\n\r\n<p>&nbsp;</p>\r\n\r\n<p>&nbsp;</p>\r\n\r\n<p>&nbsp;</p>\r\n', 15, 0, 28000, 10, '', 3, '2019-07-24', 0),
(113, 'Đêm Ngàn Mắt', '20191121080246vh2.jpg', '', '<p><em>Cuốn Truyện Trinh Th&aacute;m Kinh Điển: Đ&ecirc;m Ng&agrave;n Mắt / Top Những Cuốn Trinh Th&aacute;m Hấp Dẫn Nhất (Tặng K&egrave;m Bookmark Thiết Kế Happy Life)</em></p>\r\n\r\n<p>V&agrave;o một đ&ecirc;m h&egrave; đầy sao, ch&agrave;ng th&aacute;m tử trẻ tuổi Shawn tr&ecirc;n đường đi l&agrave;m về đ&atilde; cứu được một thiếu nữ định nhảy cầu tự tử.</p>\r\n\r\n<p>C&ocirc; g&aacute;i xinh đẹp, trẻ trung lại l&agrave; con g&aacute;i độc nhất của một triệu ph&uacute;.</p>\r\n\r\n<p>Nhưng c&ocirc; c&oacute; một nỗi sợ h&atilde;i kỳ lạ với những v&igrave; sao với một l&yacute; do lạ l&ugrave;ng hơn bao giờ hết: Một nh&agrave; ti&ecirc;n tri đ&atilde; dự đo&aacute;n cha c&ocirc; sẽ bỏ mạng trong h&agrave;m sư tử v&agrave;o đ&uacute;ng nửa đ&ecirc;m.</p>\r\n\r\n<p>Nghe Shawn b&aacute;o c&aacute;o, một đội th&aacute;m tử lập tức được cử đi bảo vệ cha con c&ocirc; g&aacute;i v&agrave; điều tra h&agrave;nh tung nh&agrave; ti&ecirc;n tri b&iacute; ẩn.</p>\r\n\r\n<p>&Ocirc;ng ta thực sự nh&igrave;n thấu tương lai hay chỉ l&agrave; một kẻ gian tr&aacute; đang ấp ủ những &acirc;m mưu xấu xa?</p>\r\n\r\n<p>Thế lực đứng sau chi phối tất cả l&agrave; một kẻ bằng xương bằng thịt hay l&agrave; một thứ mang t&ecirc;n ĐỊNH MỆNH?</p>\r\n\r\n<p>&nbsp;</p>\r\n\r\n<p>&nbsp;</p>\r\n\r\n<p>&nbsp;</p>\r\n', 14, 1, 110000, 10, 'bọc sách', 3, '2019-07-24', 0),
(114, 'Sách - Tìm đường - Quân Ước', '20191121075529vh1.jpg', 'Trắng Hồng', '<p>T&igrave;m Đường - Tặng K&egrave;m Bookmark + Thiệp (Số Lượng C&oacute; Hạn)</p>\r\n\r\n<p>Cả nam ch&iacute;nh v&agrave; nữ ch&iacute;nh trong cuốn tiểu thuyết đều c&oacute; qu&aacute; khứ đau buồn, họ chữa l&agrave;nh cho nhau v&agrave; gi&uacute;p nhau bước khỏi qu&aacute; khứ ấy. Năm Lương Nghi&ecirc;n hai mươi tuổi, c&oacute; một số chuyện lớn đ&atilde; xảy ra: Tốt nghiệp, đi xa, đoạn tuyệt với người th&acirc;n, xa c&aacute;ch với bạn b&egrave;, v&agrave; gặp gỡ Thẩm Ph&ugrave;ng Nam.</p>\r\n\r\n<p>C&ocirc; từng một th&acirc;n một m&igrave;nh, ăn nhờ ở đậu, cũng từng kh&ocirc;ng nơi nương tựa, kh&ocirc;ng c&oacute; chốn về. C&ocirc; l&ecirc;nh đ&ecirc;nh tr&ocirc;i dạt, nếm trải mọi quạnh quẽ giữa đời, cũng từng đối mặt với gi&acirc;y ph&uacute;t tuyệt vọng.</p>\r\n\r\n<p>Nhờ Thẩm Ph&ugrave;ng Nam, người đ&agrave;n &ocirc;ng đ&atilde; trải qua sinh tử m&agrave; vẫn điềm đạm v&agrave; b&igrave;nh thản, l&ograve;ng c&ocirc; c&oacute; một bến đỗ b&igrave;nh y&ecirc;n.</p>\r\n\r\n<p>C&ocirc; l&agrave; một người t&igrave;m đường lạc lối, c&ograve;n anh ch&iacute;nh l&agrave; phương hướng của c&ocirc;, l&agrave; đường về cho qu&aacute; khứ nặng nề bao năm của c&ocirc;.</p>\r\n\r\n<p>&quot;T&ocirc;i đang t&igrave;m một người, để ước hẹn, để y&ecirc;u thương, để chờ đợi.</p>\r\n\r\n<p>Anh ở phương xa, đang tr&ecirc;n đường đến với t&ocirc;&quot;</p>\r\n\r\n<p>TH&Ocirc;NG TIN T&Aacute;C GIẢ</p>\r\n\r\n<p>Qu&acirc;n Ước l&agrave; t&aacute;c giả nữ của mạng văn học Tấn Giang, sống ở miền Nam Trung Quốc. Nội t&acirc;m c&ocirc; mạnh mẽ, nhưng lu&ocirc;n viết c&aacute;c c&acirc;u chuyện ấm &aacute;p, đơn giản, ngọt ng&agrave;o, nhẹ nh&agrave;ng.</p>\r\n\r\n<p>Một số t&aacute;c phẩm đ&atilde; xuất bản ở Trung Quốc:</p>\r\n\r\n<p>-T&igrave;m Đường.</p>\r\n\r\n<p>-Anh bảo vệ thế giới, em đến bảo vệ anh.</p>\r\n\r\n<p>-Th&agrave;nh tr&igrave; của anh&hellip;</p>\r\n', 23, 0, 11000, 0, '', 3, '2019-07-24', 0),
(115, 'Tập Tô Chữ - Ghép Vần 1', '20191121075421tn1.jpg', '', '<p>Tập T&ocirc; Chữ - Gh&eacute;p Vần 1 (D&agrave;nh Cho B&eacute; Chuẩn Bị V&agrave;o Lớp 1)</p>\r\n\r\n<p>* Gi&aacute; sản phẩm tr&ecirc;n Tiki đ&atilde; bao gồm thuế theo luật hiện h&agrave;nh. Tuy nhi&ecirc;n tuỳ v&agrave;o từng loại sản phẩm hoặc phương thức, địa chỉ giao h&agrave;ng m&agrave; c&oacute; thể ph&aacute;t sinh th&ecirc;m chi ph&iacute; kh&aacute;c như ph&iacute; vận chuyển, phụ ph&iacute; h&agrave;ng cồng kềnh, ..</p>\r\n', 7, 8, 8000, 0, '', 5, '2019-07-24', 0);

--
-- Chỉ mục cho các bảng đã đổ
--

--
-- Chỉ mục cho bảng `chitiethoadon`
--
ALTER TABLE `chitiethoadon`
  ADD PRIMARY KEY (`id_hdct`),
  ADD KEY `fk_cthoadon_mahd` (`mahd`),
  ADD KEY `fk_sanpham_idsp` (`idsp`);

--
-- Chỉ mục cho bảng `danhmuc`
--
ALTER TABLE `danhmuc`
  ADD PRIMARY KEY (`madm`);

--
-- Chỉ mục cho bảng `hoadon`
--
ALTER TABLE `hoadon`
  ADD PRIMARY KEY (`mahd`),
  ADD KEY `fk_hoadon_idnd` (`idnd`);

--
-- Chỉ mục cho bảng `nguoidung`
--
ALTER TABLE `nguoidung`
  ADD PRIMARY KEY (`idnd`);

--
-- Chỉ mục cho bảng `sanpham`
--
ALTER TABLE `sanpham`
  ADD PRIMARY KEY (`idsp`),
  ADD KEY `fk_sanpham_madm` (`madm`);

--
-- AUTO_INCREMENT cho các bảng đã đổ
--

--
-- AUTO_INCREMENT cho bảng `chitiethoadon`
--
ALTER TABLE `chitiethoadon`
  MODIFY `id_hdct` int(10) NOT NULL AUTO_INCREMENT, AUTO_INCREMENT=37;

--
-- AUTO_INCREMENT cho bảng `danhmuc`
--
ALTER TABLE `danhmuc`
  MODIFY `madm` int(11) NOT NULL AUTO_INCREMENT, AUTO_INCREMENT=10;

--
-- AUTO_INCREMENT cho bảng `hoadon`
--
ALTER TABLE `hoadon`
  MODIFY `mahd` int(11) NOT NULL AUTO_INCREMENT, AUTO_INCREMENT=22;

--
-- AUTO_INCREMENT cho bảng `nguoidung`
--
ALTER TABLE `nguoidung`
  MODIFY `idnd` int(11) NOT NULL AUTO_INCREMENT, AUTO_INCREMENT=8;

--
-- AUTO_INCREMENT cho bảng `sanpham`
--
ALTER TABLE `sanpham`
  MODIFY `idsp` int(11) NOT NULL AUTO_INCREMENT, AUTO_INCREMENT=116;

--
-- Các ràng buộc cho các bảng đã đổ
--

--
-- Các ràng buộc cho bảng `chitiethoadon`
--
ALTER TABLE `chitiethoadon`
  ADD CONSTRAINT `fk_cthoadon_mahd` FOREIGN KEY (`mahd`) REFERENCES `hoadon` (`mahd`) ON DELETE CASCADE ON UPDATE CASCADE,
  ADD CONSTRAINT `fk_sanpham_idsp` FOREIGN KEY (`idsp`) REFERENCES `sanpham` (`idsp`) ON DELETE CASCADE ON UPDATE CASCADE;

--
-- Các ràng buộc cho bảng `hoadon`
--
ALTER TABLE `hoadon`
  ADD CONSTRAINT `fk_hoadon_idnd` FOREIGN KEY (`idnd`) REFERENCES `nguoidung` (`idnd`) ON DELETE CASCADE ON UPDATE CASCADE;

--
-- Các ràng buộc cho bảng `sanpham`
--
ALTER TABLE `sanpham`
  ADD CONSTRAINT `fk_sanpham_madm` FOREIGN KEY (`madm`) REFERENCES `danhmuc` (`madm`) ON DELETE CASCADE ON UPDATE CASCADE;
COMMIT;

/*!40101 SET CHARACTER_SET_CLIENT=@OLD_CHARACTER_SET_CLIENT */;
/*!40101 SET CHARACTER_SET_RESULTS=@OLD_CHARACTER_SET_RESULTS */;
/*!40101 SET COLLATION_CONNECTION=@OLD_COLLATION_CONNECTION */;
